viagem_id,VendorID,tpep_pickup_datetime,tpep_dropoff_datetime,passenger_count,trip_distance,PULocationID,DOLocationID,payment_type,fare_amount,tip_amount,total_amount
1,2,2002-12-31 22:59:39,2002-12-31 23:05:41,1,0.63,170,170,3,-6.5,0.0,-10.5
2,2,2002-12-31 22:59:39,2002-12-31 23:05:41,1,0.63,170,170,3,6.5,0.0,10.5
3,2,2009-01-01 00:24:09,2009-01-01 01:13:00,2,10.88,138,264,2,50.6,0.0,68.29
4,2,2009-01-01 23:30:39,2009-01-02 00:01:39,1,10.99,237,264,2,45.0,0.0,50.0
5,2,2009-01-01 23:58:40,2009-01-02 00:01:40,1,0.46,137,264,2,4.4,0.0,9.4
6,2,2023-12-31 23:39:17,2023-12-31 23:42:00,2,0.47,90,68,1,5.1,0.0,10.1
7,2,2023-12-31 23:41:02,2023-12-31 23:48:03,1,0.4,246,246,2,7.2,0.0,12.2
8,2,2023-12-31 23:47:28,2023-12-31 23:57:07,2,1.44,68,137,1,10.7,3.14,18.84
9,2,2023-12-31 23:49:12,2024-01-01 00:04:32,1,3.14,234,237,1,17.0,6.6,28.6
10,2,2023-12-31 23:54:27,2024-01-01 00:13:12,1,7.7,229,244,1,33.1,7.62,45.72
11,2,2023-12-31 23:56:45,2024-01-01 00:00:28,1,0.97,163,237,1,6.5,2.0,13.5
12,2,2023-12-31 23:56:46,2024-01-01 00:12:06,2,2.38,236,142,1,15.6,1.0,21.6
13,2,2023-12-31 23:57:17,2024-01-01 00:01:50,1,0.53,144,211,1,5.8,2.16,12.96
14,2,2023-12-31 23:58:35,2024-01-01 00:13:06,6,8.39,138,217,2,33.1,0.0,42.35
15,2,2023-12-31 23:58:37,2024-01-01 00:08:37,2,0.59,161,170,1,10.0,3.75,18.75
34,2,2024-01-01 00:00:58,2024-01-01 00:27:23,,6.0,74,164,0,33.93,9.48,47.41
35,1,2024-01-01 00:01:06,2024-01-01 00:16:37,0,2.5,68,162,2,17.0,0.0,22.0
60,1,2024-01-01 00:02:21,2024-01-01 00:18:59,,6.4,48,116,0,28.9,5.09,38.99
63,2,2024-01-01 00:02:24,2024-01-01 00:28:31,,5.44,37,188,0,24.67,5.23,31.4
75,1,2024-01-01 00:02:36,2024-01-01 00:26:02,,4.8,114,37,0,24.57,0.0,26.07
80,2,2024-01-01 00:02:48,2024-01-01 00:09:21,,0.88,188,188,0,16.28,3.56,21.34
109,1,2024-01-01 00:03:34,2024-01-01 00:12:57,0,1.4,68,164,1,10.7,3.1,18.8
112,1,2024-01-01 00:03:35,2024-01-01 00:19:54,,2.5,137,237,0,14.9,1.99,21.89
113,1,2024-01-01 00:03:36,2024-01-01 00:09:07,,0.0,158,68,0,8.58,0.0,12.58
123,1,2024-01-01 00:03:50,2024-01-01 00:22:14,0,4.4,79,263,1,21.2,6.55,32.75
124,1,2024-01-01 00:03:51,2024-01-01 00:20:58,0,8.0,132,95,1,33.1,9.3,46.65
129,2,2024-01-01 00:04:00,2024-01-01 00:04:44,1,0.01,63,63,2,-31.5,0.0,-34.25
214,2,2024-01-01 00:05:38,2024-01-01 00:08:46,1,0.51,140,237,4,-5.1,0.0,-10.1
279,2,2024-01-01 00:06:48,2024-01-01 00:15:41,,2.04,151,239,0,11.74,3.15,18.89
319,2,2024-01-01 00:07:37,2024-01-01 00:08:32,3,0.03,114,114,4,-3.0,0.0,-8.0
331,2,2024-01-01 00:07:49,2024-01-01 00:13:45,1,0.34,158,249,4,-7.2,0.0,-12.2
340,1,2024-01-01 00:08:00,2024-01-01 00:12:49,0,1.0,141,140,1,7.2,3.65,15.85
372,2,2024-01-01 00:08:26,2024-01-01 00:08:30,1,0.0,234,234,3,-3.0,0.0,-5.5
413,1,2024-01-01 00:08:49,2024-01-01 00:15:45,,0.0,13,13,0,6.83,0.0,10.83
415,2,2024-01-01 00:08:50,2024-01-01 00:32:27,,9.83,181,262,0,37.34,0.0,41.34
431,2,2024-01-01 00:08:57,2024-01-01 00:17:53,,1.54,239,151,0,8.36,0.0,12.36
471,1,2024-01-01 00:09:25,2024-01-01 00:36:28,,0.0,228,170,0,37.07,0.0,41.07
487,2,2024-01-01 00:09:37,2024-01-01 00:11:56,1,0.42,237,162,4,-4.4,0.0,-9.4
507,2,2024-01-01 00:09:52,2024-01-01 00:34:47,,9.11,140,49,0,40.06,8.81,52.87
515,1,2024-01-01 00:09:58,2024-01-01 00:26:00,,0.0,151,237,0,18.12,0.0,22.12
528,2,2024-01-01 00:10:09,2024-01-01 00:27:32,,3.09,239,140,0,1.99,0.0,5.99
529,2,2024-01-01 00:10:10,2024-01-01 00:27:24,,2.75,233,142,0,18.46,2.25,24.71
548,2,2024-01-01 00:10:24,2024-01-01 00:18:09,,1.3,75,43,0,20.48,0.0,24.48
555,1,2024-01-01 00:10:31,2024-01-01 00:33:51,,5.2,79,263,0,20.24,0.0,24.24
563,1,2024-01-01 00:10:36,2024-01-01 00:40:58,0,2.1,186,161,3,20.5,0.0,25.5
584,2,2024-01-01 00:10:53,2024-01-01 00:22:50,,1.99,239,141,0,11.21,0.0,15.21
601,2,2024-01-01 00:11:05,2024-01-01 00:26:34,,2.79,170,142,0,16.97,4.0,24.97
618,1,2024-01-01 00:11:17,2024-01-01 00:17:05,0,1.2,249,79,1,7.9,2.55,15.45
784,2,2024-01-01 00:13:03,2024-01-01 00:19:14,3,0.11,164,186,2,-6.5,0.0,-11.5
794,2,2024-01-01 00:13:08,2024-01-01 00:16:48,1,0.64,162,229,3,-5.8,0.0,-10.8
875,2,2024-01-01 00:13:57,2024-01-01 00:19:46,3,2.91,132,216,2,-13.5,0.0,-17.75
898,2,2024-01-01 00:14:14,2024-01-01 00:24:57,2,0.63,164,170,2,-10.0,0.0,-15.0
914,2,2024-01-01 00:14:22,2024-01-01 00:21:53,1,1.17,170,161,4,-9.3,0.0,-14.3
978,1,2024-01-01 00:15:01,2024-01-01 00:31:10,0,2.8,170,263,1,16.3,5.3,26.6
984,2,2024-01-01 00:15:05,2024-01-01 00:22:51,1,1.2,79,232,4,-10.0,3.0,-12.0
1039,1,2024-01-01 00:15:35,2024-01-01 00:18:52,0,0.7,161,237,1,5.8,2.7,13.5
1156,1,2024-01-01 00:16:48,2024-01-01 00:18:59,0,0.4,237,141,1,5.1,2.5,12.6
1276,2,2024-01-01 00:17:55,2024-01-01 00:18:05,1,0.01,90,90,4,-70.0,0.0,-74.0
1321,2,2024-01-01 00:18:24,2024-01-01 00:30:39,1,2.16,249,232,4,-13.5,0.0,-18.5
1345,2,2024-01-01 00:18:38,2024-01-01 00:20:19,2,0.15,161,162,4,-0.7,0.0,-5.7
1370,2,2024-01-01 00:18:50,2024-01-01 00:35:33,2,2.7,148,170,4,-17.0,0.0,-22.0
1387,2,2024-01-01 00:19:00,2024-01-01 00:33:56,1,7.38,138,256,4,-31.7,0.0,-43.45
1455,1,2024-01-01 00:19:40,2024-01-01 00:38:32,0,2.6,79,170,1,17.7,4.5,27.2
1550,2,2024-01-01 00:20:29,2024-01-01 00:21:23,2,0.05,100,164,4,-3.0,0.0,-8.0
1555,1,2024-01-01 00:20:31,2024-01-01 00:32:30,0,2.2,164,141,1,13.5,2.0,20.5
1570,2,2024-01-01 00:20:38,2024-01-01 00:32:34,1,1.89,170,113,4,-12.8,0.0,-17.8
1585,1,2024-01-01 00:20:50,2024-01-01 00:27:17,0,1.3,90,113,2,8.6,0.0,13.6
1597,1,2024-01-01 00:20:59,2024-01-01 00:48:24,0,5.8,79,143,1,27.5,1.0,33.5
1807,1,2024-01-01 00:22:37,2024-01-01 00:28:23,0,0.8,148,107,1,6.5,2.3,13.8
1970,2,2024-01-01 00:23:57,2024-01-01 00:59:01,2,4.21,142,265,1,60.0,14.75,88.5
2142,1,2024-01-01 00:25:23,2024-01-01 00:48:33,0,6.5,162,256,1,32.4,5.61,43.01
2206,1,2024-01-01 00:25:52,2024-01-01 00:30:47,0,0.9,237,229,1,7.2,0.0,12.2
2228,1,2024-01-01 00:26:04,2024-01-01 00:40:16,0,1.9,4,158,1,13.5,3.7,22.2
2265,1,2024-01-01 00:26:21,2024-01-01 00:38:03,0,3.4,137,263,1,15.6,2.06,22.66
2308,1,2024-01-01 00:26:48,2024-01-01 00:32:44,0,1.1,148,107,1,7.9,1.2,14.1
4612,2,2024-01-01 00:44:11,2024-01-01 00:53:55,2,1.6,234,211,1,10.7,1.57,17.27
4897,1,2024-01-01 00:46:32,2024-01-01 01:23:57,,0.0,107,143,0,20.0,3.9,31.9
5329,2,2024-01-01 00:49:52,2024-01-01 01:08:40,1,1.53,162,234,1,17.0,4.4,26.4
6095,1,2024-01-01 00:56:03,2024-01-01 01:15:31,,2.1,164,148,0,17.7,0.0,21.7
9700,2,2024-01-01 01:24:14,2024-01-01 01:46:00,2,3.23,13,246,1,23.3,0.0,28.3
10013,2,2024-01-01 01:26:49,2024-01-01 01:33:57,1,0.91,79,144,1,8.6,2.72,16.32
11205,2,2024-01-01 01:35:59,2024-01-01 02:05:25,1,3.82,79,50,1,27.5,5.0,37.5
11610,2,2024-01-01 01:39:30,2024-01-01 01:57:20,1,2.81,114,233,1,17.7,1.0,23.7
12977,2,2024-01-01 01:51:13,2024-01-01 02:02:12,1,2.71,237,74,1,14.2,3.84,23.04
14186,6,2024-01-01 02:01:50,2024-01-01 02:01:39,,7.46,265,197,0,39.22,0.0,40.02
16774,1,2024-01-01 02:24:36,2024-01-01 02:33:08,2,1.6,170,141,1,10.7,1.0,16.7
17591,2,2024-01-01 02:32:47,2024-01-01 02:38:11,4,0.76,170,162,1,7.2,2.44,14.64
17684,2,2024-01-01 02:33:42,2024-01-01 02:51:06,1,7.2,263,87,1,31.0,2.0,38.0
17793,2,2024-01-01 02:34:49,2024-01-01 02:40:07,1,1.22,79,137,1,7.9,1.0,13.9
18363,1,2024-01-01 02:40:56,2024-01-01 02:41:38,1,0.0,145,145,1,6.84,0.0,7.84
18829,2,2024-01-01 02:45:40,2024-01-01 02:58:42,1,2.88,25,256,1,16.3,3.76,22.56
20074,2,2024-01-01 02:58:49,2024-01-01 03:10:02,1,2.48,143,229,1,14.2,4.8,24.0
20349,6,2024-01-01 03:01:46,2024-01-01 03:01:39,,7.65,265,62,0,40.69,0.0,41.49
20435,2,2024-01-01 03:02:48,2024-01-01 03:19:14,1,3.87,79,141,1,19.8,4.96,29.76
21461,2,2024-01-01 03:14:52,2024-01-01 03:35:54,1,8.27,68,133,1,33.8,13.72,59.46
25593,1,2024-01-01 04:06:25,2024-01-01 04:19:40,1,4.1,79,263,1,18.4,4.0,27.4
26063,1,2024-01-01 04:13:00,2024-01-01 04:35:12,1,5.7,261,239,2,25.4,0.0,30.4
28423,2,2024-01-01 05:03:42,2024-01-01 05:21:04,,4.3,162,41,0,19.8,0.0,23.8
28462,2,2024-01-01 05:05:00,2024-01-01 05:09:52,1,1.84,263,233,1,9.3,2.86,17.16
30390,2,2024-01-01 06:24:19,2024-01-01 06:37:39,,5.33,168,182,0,21.38,0.0,22.88
32353,2,2024-01-01 07:42:31,2024-01-01 07:56:41,,8.47,48,127,0,27.44,0.0,31.44
33363,2,2024-01-01 08:31:42,2024-01-01 08:35:54,1,0.82,48,50,1,6.5,2.1,12.6
33879,1,2024-01-01 08:57:14,2024-01-01 09:24:29,1,17.1,132,79,1,70.0,14.0,96.69
34079,2,2024-01-01 09:07:18,2024-01-01 09:27:13,1,5.98,230,88,1,28.2,2.22,34.42
34761,2,2024-01-01 09:38:55,2024-01-01 10:01:34,1,5.62,163,261,1,28.9,6.58,39.48
35837,2,2024-01-01 10:13:45,2024-01-01 10:29:26,4,3.67,79,12,2,19.8,0.0,26.3
36492,2,2024-01-01 10:32:27,2024-01-01 10:51:44,1,8.19,138,138,2,34.5,0.0,45.25
38411,1,2024-01-01 11:18:02,2024-01-01 11:21:26,1,0.6,234,234,1,5.8,2.0,11.8
39833,2,2024-01-01 11:47:10,2024-01-01 12:23:40,1,19.11,90,46,2,73.0,0.0,83.94
40372,2,2024-01-01 11:55:32,2024-01-01 11:59:15,1,0.61,48,100,1,5.8,2.94,12.74
41852,2,2024-01-01 12:21:52,2024-01-01 12:23:36,1,0.04,107,107,2,-3.7,0.0,-7.7
43290,2,2024-01-01 12:44:43,2024-01-01 12:48:58,2,0.59,229,163,1,6.5,1.5,12.0
43659,1,2024-01-01 12:49:38,2024-01-01 13:11:32,1,3.2,144,161,3,22.6,0.0,26.6
45311,2,2024-01-01 13:16:20,2024-01-01 13:41:30,1,6.26,13,164,1,33.1,0.1,37.2
45930,2,2024-01-01 13:26:27,2024-01-01 13:40:26,1,3.44,234,13,2,17.7,0.0,21.7
48678,2,2024-01-01 14:08:56,2024-01-01 14:44:45,2,23.2,132,200,1,86.3,18.95,115.44
49802,1,2024-01-01 14:25:52,2024-01-01 14:33:09,1,1.3,231,158,1,8.6,2.5,15.1
49988,2,2024-01-01 14:28:36,2024-01-01 15:01:31,2,17.23,132,79,1,70.0,12.4,95.09
50409,2,2024-01-01 14:34:25,2024-01-01 14:41:03,1,1.03,161,141,1,7.9,2.38,14.28
50738,1,2024-01-01 14:38:54,2024-01-01 15:20:47,2,18.3,132,68,2,70.0,0.0,82.69
50956,2,2024-01-01 14:41:42,2024-01-01 14:45:42,2,0.89,239,142,1,6.5,1.58,12.08
52181,2,2024-01-01 14:57:03,2024-01-01 14:57:29,2,0.0,68,68,1,95.0,5.0,103.5
54037,1,2024-01-01 15:21:47,2024-01-01 15:29:55,3,1.0,90,158,1,9.3,2.65,15.95
55451,2,2024-01-01 15:41:00,2024-01-01 15:53:00,,28339.6,244,166,0,22.82,4.86,29.18
58842,2,2024-01-01 16:24:21,2024-01-01 16:30:17,1,1.11,163,237,2,7.9,0.0,11.9
63584,2,2024-01-01 17:36:20,2024-01-01 17:40:36,1,0.81,164,234,1,6.5,2.0,12.5
63799,2,2024-01-01 17:39:53,2024-01-01 17:43:34,1,1.01,186,234,1,6.5,2.1,12.6
65380,1,2024-01-01 18:03:40,2024-01-01 18:20:23,1,8.7,138,137,1,34.5,10.4,62.59
66507,2,2024-01-01 18:23:03,2024-01-01 18:28:53,1,1.32,161,236,1,8.6,4.0,16.6
67565,1,2024-01-01 18:40:04,2024-01-01 18:48:11,1,2.0,137,114,1,12.1,4.0,20.1
68111,2,2024-01-01 18:48:25,2024-01-01 19:29:00,1,12.72,132,181,1,52.7,10.84,66.79
68638,2,2024-01-01 18:56:31,2024-01-01 19:07:16,1,2.92,239,246,1,14.9,3.78,22.68
70697,2,2024-01-01 19:33:00,2024-01-01 19:38:42,1,1.3,144,107,1,8.6,2.52,15.12
70894,2,2024-01-01 19:37:01,2024-01-01 19:46:27,1,2.09,237,262,2,-12.1,0.0,-16.1
71013,1,2024-01-01 19:39:22,2024-01-01 19:54:41,1,2.1,68,107,1,14.2,3.6,21.8
72696,2,2024-01-01 20:13:47,2024-01-01 20:29:09,1,10.02,70,233,1,38.0,10.99,67.68
74911,1,2024-01-01 21:00:11,2024-01-01 21:09:26,1,1.3,186,246,2,10.0,0.0,15.0
75179,1,2024-01-01 21:05:32,2024-01-01 21:09:56,3,0.7,164,164,1,5.8,2.15,12.95
75286,2,2024-01-01 21:07:40,2024-01-01 21:27:13,4,3.29,230,211,2,19.1,0.0,24.1
75365,2,2024-01-01 21:09:18,2024-01-01 21:14:59,2,0.89,249,231,1,7.2,15.0,27.2
75684,1,2024-01-01 21:17:20,2024-01-01 21:21:41,1,1.1,234,186,1,7.2,2.0,14.2
75849,1,2024-01-01 21:21:22,2024-01-01 21:25:05,2,0.6,48,142,2,5.8,0.0,10.8
75958,1,2024-01-01 21:24:37,2024-01-01 21:56:19,4,18.0,132,45,1,70.0,15.15,90.9
77843,2,2024-01-01 22:12:57,2024-01-01 22:34:27,2,16.2,132,233,1,70.0,16.19,97.13
79042,2,2024-01-01 22:44:49,2024-01-01 22:48:26,1,0.75,236,262,2,5.8,0.0,10.8
80448,2,2024-01-01 23:33:35,2024-01-01 23:37:22,2,0.48,186,68,1,5.8,2.0,12.8
80696,2,2024-01-01 23:45:33,2024-01-02 00:14:59,1,13.6,132,188,2,53.4,0.0,57.65
80909,2,2024-01-01 23:54:38,2024-01-02 00:07:10,1,4.39,141,158,1,19.1,4.82,28.92
80971,2,2024-01-01 23:57:09,2024-01-02 00:12:35,1,5.54,132,10,1,24.7,5.94,37.39
81788,1,2024-01-02 00:44:15,2024-01-02 01:00:39,1,9.0,138,141,1,35.9,10.9,65.49
82602,2,2024-01-02 02:38:04,2024-01-02 04:38:30,1,101.28,144,265,2,359.3,0.0,364.3
82970,2,2024-01-02 04:16:32,2024-01-02 04:41:44,3,18.11,230,132,2,70.0,0.0,80.94
83110,2,2024-01-02 04:48:57,2024-01-02 04:54:11,1,0.82,186,50,2,7.2,0.0,12.2
83476,1,2024-01-02 05:35:47,2024-01-02 05:53:12,,7.3,236,138,0,35.0,0.0,43.44
84414,2,2024-01-02 06:32:14,2024-01-02 07:26:07,1,21.33,132,142,4,-70.0,0.0,-82.69
86057,2,2024-01-02 07:19:00,2024-01-02 07:31:56,1,3.78,162,148,2,19.1,0.0,23.1
87619,2,2024-01-02 07:50:08,2024-01-02 11:29:29,1,233.25,168,265,2,1616.5,0.0,1617.5
88873,1,2024-01-02 08:13:18,2024-01-02 09:43:30,1,971.8,237,265,1,21.5,0.0,23.0
89428,2,2024-01-02 08:23:31,2024-01-02 08:43:30,2,4.02,163,231,2,21.9,0.0,25.9
90473,1,2024-01-02 08:40:41,2024-01-02 08:55:27,1,964.6,71,265,1,39.5,0.0,41.0
90555,1,2024-01-02 08:42:03,2024-01-02 09:37:41,1,21.5,132,143,1,70.0,10.0,92.69
91627,2,2024-01-02 08:58:22,2024-01-02 09:06:30,1,1.58,186,107,1,10.0,2.8,16.8
93861,2,2024-01-02 09:32:39,2024-01-02 10:00:42,1,16.01,138,13,1,61.8,15.55,95.04
94197,2,2024-01-02 09:37:59,2024-01-02 09:48:07,1,1.32,163,140,1,10.7,2.94,17.64
95648,1,2024-01-02 10:00:00,2024-01-02 09:53:56,1,7.2,75,95,1,38.5,0.0,46.94
96197,2,2024-01-02 10:08:05,2024-01-02 10:21:29,1,2.28,170,249,1,14.9,3.78,22.68
99959,2,2024-01-02 11:01:49,2024-01-02 11:19:25,2,2.45,162,43,2,17.7,0.0,21.7
101071,1,2024-01-02 11:16:41,2024-01-02 11:24:35,1,1.1,237,162,1,9.3,1.0,14.3
103060,2,2024-01-02 11:42:37,2024-01-02 11:44:58,1,0.32,151,151,1,4.4,1.0,6.9
103458,1,2024-01-02 11:48:02,2024-01-02 12:04:00,1,2.7,48,237,2,17.0,0.0,21.0
103855,2,2024-01-02 11:52:55,2024-01-02 12:02:43,1,1.2,161,186,1,10.0,3.5,17.5
105516,1,2024-01-02 12:15:35,2024-01-02 12:24:43,,1.3,236,237,0,9.3,2.66,15.96
106261,2,2024-01-02 12:25:08,2024-01-02 12:47:04,2,2.22,234,230,2,19.1,0.0,23.1
108942,2,2024-01-02 12:59:16,2024-01-02 13:09:29,1,1.52,237,170,1,11.4,3.08,18.48
110698,2,2024-01-02 13:22:09,2024-01-02 14:07:41,1,17.6,132,90,1,70.0,1.0,83.69
111752,2,2024-01-02 13:34:58,2024-01-02 13:57:09,1,6.0,132,216,2,30.0,0.0,32.75
115298,2,2024-01-02 14:18:29,2024-01-02 14:43:37,1,5.26,13,230,1,28.2,2.0,34.2
115838,2,2024-01-02 14:25:13,2024-01-02 14:31:37,1,0.55,236,237,1,7.9,2.38,14.28
117029,2,2024-01-02 14:38:54,2024-01-02 14:41:45,1,0.5,236,262,2,5.1,0.0,9.1
117939,2,2024-01-02 14:48:52,2024-01-02 15:15:35,1,3.86,162,239,1,26.1,6.02,36.12
120104,2,2024-01-02 15:13:01,2024-01-02 15:17:37,2,0.66,237,236,1,6.5,2.62,13.12
120574,1,2024-01-02 15:18:26,2024-01-02 15:40:23,1,4.8,68,151,1,25.4,7.35,36.75
121345,2,2024-01-02 15:27:25,2024-01-02 15:28:58,1,0.0,237,162,1,3.7,0.0,7.7
122055,1,2024-01-02 15:35:06,2024-01-02 15:47:11,1,2.0,151,237,1,12.1,3.2,19.3
122234,2,2024-01-02 15:37:02,2024-01-02 15:56:33,1,2.89,237,238,1,19.1,4.62,27.72
122268,2,2024-01-02 15:37:24,2024-01-02 15:51:55,1,2.97,224,45,1,17.0,4.2,25.2
124494,6,2024-01-02 16:01:30,2024-01-02 16:01:19,,9.02,265,95,0,49.82,0.0,50.62
124522,6,2024-01-02 16:01:44,2024-01-02 16:01:24,,7.32,265,129,0,44.2,0.0,45.0
128436,2,2024-01-02 16:46:16,2024-01-02 16:54:39,4,0.87,162,161,2,9.3,0.0,15.8
130134,2,2024-01-02 17:05:28,2024-01-02 17:39:35,1,5.67,161,166,1,34.5,8.2,49.2
133343,2,2024-01-02 17:41:12,2024-01-02 17:45:53,1,0.6,74,75,4,6.5,0.0,10.5
133573,2,2024-01-02 17:43:27,2024-01-02 17:55:57,1,1.36,100,48,4,12.8,0.0,19.3
134743,2,2024-01-02 17:56:01,2024-01-02 18:08:56,1,1.36,236,43,1,13.5,2.0,22.0
135241,2,2024-01-02 18:01:23,2024-01-02 18:18:45,3,3.02,148,186,1,18.4,5.48,32.88
135822,1,2024-01-02 18:07:43,2024-01-02 18:14:30,2,0.8,186,230,2,7.9,0.0,14.4
137916,2,2024-01-02 18:31:47,2024-01-02 18:36:53,1,0.8,236,236,2,7.2,0.0,13.7
138594,2,2024-01-02 18:39:10,2024-01-02 18:48:22,1,1.66,237,137,1,10.7,3.44,20.64
139343,2,2024-01-02 18:47:47,2024-01-02 19:04:18,1,2.31,249,170,2,16.3,0.0,22.8
140788,1,2024-01-02 19:05:53,2024-01-02 19:26:35,1,5.5,263,244,1,26.8,6.65,39.95
143479,1,2024-01-02 19:43:07,2024-01-02 19:45:38,1,0.5,140,141,1,5.1,2.3,13.9
144487,2,2024-01-02 19:58:14,2024-01-02 20:00:47,1,0.31,88,87,1,5.1,1.0,15.1
145104,2,2024-01-02 20:07:42,2024-01-02 20:15:27,1,0.88,68,164,1,8.6,2.72,16.32
147231,2,2024-01-02 20:43:44,2024-01-02 20:52:05,1,0.98,90,100,1,9.3,2.86,17.16
149017,2,2024-01-02 21:14:27,2024-01-02 21:46:32,1,17.74,132,233,1,70.0,12.4,95.09
149472,2,2024-01-02 21:22:11,2024-01-02 21:22:13,2,1.58,264,264,2,10.7,0.0,15.7
151094,1,2024-01-02 21:48:12,2024-01-02 22:02:11,1,4.9,107,80,2,21.9,0.0,33.84
153006,2,2024-01-02 22:22:25,2024-01-02 22:43:13,1,4.9,144,263,2,24.0,0.0,29.0
158953,6,2024-01-03 05:01:56,2024-01-03 05:01:27,,4.63,265,130,0,18.43,0.0,19.23
159292,1,2024-01-03 05:40:48,2024-01-03 05:46:47,1,1.2,186,162,1,8.6,2.5,15.1
160033,2,2024-01-03 06:24:19,2024-01-03 06:27:32,1,0.58,79,79,1,5.1,0.0,9.1
160725,2,2024-01-03 06:49:49,2024-01-03 06:55:47,1,1.29,162,137,1,8.6,2.0,14.6
161001,2,2024-01-03 06:58:52,2024-01-03 07:04:47,1,1.47,142,230,1,8.6,2.52,15.12
161727,2,2024-01-03 07:18:16,2024-01-03 07:43:33,1,8.4,132,96,2,35.9,0.0,39.15
162816,2,2024-01-03 07:43:00,2024-01-03 08:05:00,,4.25,151,140,0,31.5,7.1,42.6
169163,2,2024-01-03 09:23:05,2024-01-03 09:23:25,1,0.0,193,193,4,-3.0,0.0,-4.5
169545,1,2024-01-03 09:28:43,2024-01-03 09:45:14,1,1.1,186,234,1,12.8,3.35,20.15
176446,2,2024-01-03 11:02:57,2024-01-03 11:47:35,1,10879.28,132,224,1,70.0,16.19,98.88
177295,1,2024-01-03 11:14:34,2024-01-03 11:22:50,1,1.7,244,42,2,10.7,0.0,12.2
177911,1,2024-01-03 11:22:53,2024-01-03 11:25:22,1,0.4,164,170,2,4.4,0.0,8.4
177914,2,2024-01-03 11:22:54,2024-01-03 11:40:50,1,8.24,140,231,1,34.5,5.0,43.5
178694,1,2024-01-03 11:32:51,2024-01-03 11:42:17,1,3.9,107,88,1,17.7,4.3,26.0
178748,2,2024-01-03 11:33:27,2024-01-03 11:42:31,1,0.65,161,163,1,9.3,2.66,15.96
179374,2,2024-01-03 11:40:48,2024-01-03 12:02:07,1,9.27,236,13,1,38.7,8.54,51.24
181726,1,2024-01-03 12:09:42,2024-01-03 12:19:51,1,1.1,186,246,1,10.7,2.9,17.6
182494,2,2024-01-03 12:19:20,2024-01-03 12:45:53,1,10.55,231,263,1,45.0,14.7,63.7
183276,2,2024-01-03 12:28:58,2024-01-03 12:29:17,1,0.0,142,142,1,3.0,1.4,8.4
183289,2,2024-01-03 12:29:04,2024-01-03 12:47:07,1,1.27,186,163,2,15.6,0.0,19.6
184694,1,2024-01-03 12:45:02,2024-01-03 12:58:16,2,1.9,164,211,2,14.2,0.0,18.2
184779,2,2024-01-03 12:45:55,2024-01-03 13:05:07,1,2.16,88,65,1,17.0,4.2,25.2
185056,1,2024-01-03 12:49:06,2024-01-03 13:12:08,3,5.8,12,68,1,28.2,8.05,40.25
185499,2,2024-01-03 12:54:22,2024-01-03 13:02:48,1,0.97,261,211,2,9.3,0.0,13.3
185985,2,2024-01-03 13:00:10,2024-01-03 13:05:27,1,0.53,163,237,4,6.5,0.0,10.5
187350,2,2024-01-03 13:15:50,2024-01-03 13:25:59,2,2.01,236,143,1,12.1,2.0,18.1
187919,1,2024-01-03 13:22:37,2024-01-03 13:46:08,3,7.1,261,161,1,31.7,3.0,38.7
189259,2,2024-01-03 13:37:53,2024-01-03 13:52:32,1,2.05,162,43,1,14.9,3.4,22.3
189330,1,2024-01-03 13:38:37,2024-01-03 13:57:47,1,3.4,249,48,1,19.1,4.0,27.1
189575,1,2024-01-03 13:41:38,2024-01-03 13:56:46,1,1.6,161,164,1,14.9,5.65,24.55
190006,2,2024-01-03 13:46:20,2024-01-03 14:00:06,1,0.83,100,246,1,12.8,4.2,21.0
190209,1,2024-01-03 13:48:39,2024-01-03 13:56:27,1,1.2,237,142,1,10.0,2.8,16.8
192811,2,2024-01-03 14:16:39,2024-01-03 14:35:21,1,7.18,138,15,2,31.0,0.0,39.25
192915,2,2024-01-03 14:17:58,2024-01-03 14:21:41,1,0.54,164,170,1,5.8,1.47,11.27
192950,2,2024-01-03 14:18:17,2024-01-03 14:22:01,1,0.81,239,143,1,6.5,3.15,13.65
193527,2,2024-01-03 14:24:31,2024-01-03 14:28:21,1,0.43,263,236,2,5.8,0.0,9.8
194734,1,2024-01-03 14:37:53,2024-01-03 14:44:37,1,1.0,100,68,2,7.9,0.0,11.9
194813,1,2024-01-03 14:38:50,2024-01-03 14:45:09,1,0.6,141,237,2,7.2,0.0,11.2
195386,2,2024-01-03 14:44:34,2024-01-03 14:50:36,3,0.71,45,144,1,7.2,2.24,13.44
196139,2,2024-01-03 14:52:14,2024-01-03 15:04:56,4,2.19,79,170,2,14.2,0.0,18.2
196900,2,2024-01-03 15:00:09,2024-01-03 15:10:52,1,1.12,230,170,2,10.7,0.0,14.7
197637,2,2024-01-03 15:07:43,2024-01-03 15:19:46,1,1.57,142,141,1,12.8,4.2,21.0
197854,2,2024-01-03 15:10:00,2024-01-03 16:20:22,2,21.97,132,230,2,70.0,0.0,82.69
198002,1,2024-01-03 15:11:30,2024-01-03 15:20:47,1,1.2,230,164,2,10.0,0.0,14.0
198764,1,2024-01-03 15:19:46,2024-01-03 15:30:19,2,1.6,48,246,1,11.4,3.85,19.25
201053,2,2024-01-03 15:44:19,2024-01-03 15:52:10,1,1.28,238,75,2,-10.0,0.0,-11.5
201209,2,2024-01-03 15:46:04,2024-01-03 16:02:40,1,2.89,230,211,1,17.0,4.2,25.2
202705,6,2024-01-03 16:01:34,2024-01-03 16:01:21,,3.9,265,260,0,31.2,0.0,32.0
206213,2,2024-01-03 16:37:51,2024-01-03 16:42:19,2,0.57,148,232,1,6.5,2.6,15.6
207459,2,2024-01-03 16:51:14,2024-01-03 17:05:43,1,1.51,142,161,1,14.2,4.14,24.84
207929,2,2024-01-03 16:55:58,2024-01-03 17:09:36,1,2.44,144,68,1,14.9,5.35,26.75
211341,2,2024-01-03 17:33:21,2024-01-03 18:04:44,1,4.73,186,75,1,30.3,9.2,46.0
214190,6,2024-01-03 18:01:49,2024-01-03 18:01:44,,8.09,265,168,0,39.2,0.0,40.0
216941,2,2024-01-03 18:29:39,2024-01-03 18:35:34,1,0.98,234,144,1,7.9,2.88,17.28
216979,2,2024-01-03 18:30:01,2024-01-03 18:40:08,1,2.17,163,43,1,12.1,1.0,19.6
219756,2,2024-01-03 18:59:10,2024-01-03 19:11:15,1,2.01,142,43,1,12.8,2.0,21.3
220012,1,2024-01-03 19:02:13,2024-01-03 19:21:44,,2.8,161,238,0,19.8,7.89,34.19
221799,2,2024-01-03 19:22:57,2024-01-03 19:32:38,2,1.85,170,113,1,11.4,3.0,20.9
223141,2,2024-01-03 19:38:17,2024-01-03 19:46:55,1,1.54,263,239,1,10.7,3.44,20.64
225475,2,2024-01-03 20:06:54,2024-01-03 20:21:27,1,3.56,107,33,1,18.4,4.68,28.08
225687,2,2024-01-03 20:09:28,2024-01-03 20:49:29,3,32.18,132,265,2,201.1,0.0,212.29
226499,1,2024-01-03 20:20:31,2024-01-03 20:33:20,1,2.1,68,230,2,12.8,0.0,17.8
226697,2,2024-01-03 20:23:10,2024-01-03 20:28:33,1,0.76,68,100,1,7.2,1.0,13.2
227065,2,2024-01-03 20:28:00,2024-01-03 20:31:00,,0.65,166,166,0,11.74,2.65,15.89
227087,2,2024-01-03 20:28:23,2024-01-03 20:48:08,1,4.18,230,13,1,23.3,0.0,28.3
227091,2,2024-01-03 20:28:28,2024-01-03 20:36:13,1,1.09,113,79,1,8.6,2.72,16.32
228336,2,2024-01-03 20:46:28,2024-01-03 20:54:09,1,1.08,163,162,1,8.6,3.4,17.0
230292,2,2024-01-03 21:15:48,2024-01-03 21:26:17,3,1.72,236,141,2,12.1,0.0,17.1
232898,1,2024-01-03 21:54:43,2024-01-03 21:58:17,2,1.5,263,74,1,7.9,1.0,13.9
233049,2,2024-01-03 21:57:00,2024-01-03 22:09:00,,1.74,144,13,0,11.83,3.17,19.0
233733,2,2024-01-03 22:07:48,2024-01-03 22:16:25,1,1.12,114,79,1,9.3,0.0,14.3
233785,2,2024-01-03 22:08:35,2024-01-03 22:18:13,1,2.46,161,236,1,12.8,2.67,20.47
233822,2,2024-01-03 22:09:18,2024-01-03 22:16:58,3,1.03,164,230,2,-8.6,0.0,-13.6
235103,1,2024-01-03 22:33:14,2024-01-03 22:37:21,4,0.7,234,249,1,6.5,2.85,14.35
239388,2,2024-01-04 00:14:42,2024-01-04 00:32:56,1,3.85,161,231,1,20.5,5.1,30.6
240688,2,2024-01-04 02:03:12,2024-01-04 02:11:27,1,4.77,138,56,4,-19.8,0.0,-29.05
240956,2,2024-01-04 02:46:48,2024-01-04 03:00:17,1,5.28,170,261,1,24.0,2.0,31.0
241361,2,2024-01-04 04:17:32,2024-01-04 04:30:25,1,8.49,262,138,1,33.1,10.01,60.05
241916,2,2024-01-04 05:48:17,2024-01-04 05:55:26,1,1.75,186,162,1,10.0,3.75,18.75
244750,2,2024-01-04 07:29:56,2024-01-04 07:46:49,1,2.26,116,41,1,17.0,3.0,21.5
244821,2,2024-01-04 07:31:33,2024-01-04 07:36:17,,0.77,41,151,0,6.83,0.0,8.33
244859,2,2024-01-04 07:32:43,2024-01-04 07:38:58,1,1.3,79,164,1,9.3,2.5,15.8
244909,2,2024-01-04 07:33:48,2024-01-04 07:38:52,1,0.68,186,246,1,6.5,2.1,12.6
245614,2,2024-01-04 07:47:19,2024-01-04 07:56:55,5,1.19,229,161,1,10.0,2.0,16.0
246120,2,2024-01-04 07:57:02,2024-01-04 09:06:13,1,18.16,132,234,1,70.0,14.0,96.69
247314,2,2024-01-04 08:17:28,2024-01-04 08:38:45,6,7.85,230,244,2,35.2,0.0,39.2
250407,2,2024-01-04 09:02:30,2024-01-04 09:22:08,1,1.92,68,107,1,17.7,5.42,27.12
250501,1,2024-01-04 09:03:41,2024-01-04 10:10:14,1,15.5,218,141,1,51.5,0.0,53.0
252328,2,2024-01-04 09:28:06,2024-01-04 09:32:35,1,0.83,43,237,2,6.5,0.0,10.5
252689,2,2024-01-04 09:32:49,2024-01-04 09:59:08,1,5.88,229,80,1,28.9,5.0,44.84
254718,2,2024-01-04 09:59:58,2024-01-04 10:14:40,1,2.05,141,238,1,15.6,1.0,20.6
255301,2,2024-01-04 10:07:37,2024-01-04 10:13:56,1,0.84,234,68,1,7.9,2.0,13.9
256042,2,2024-01-04 10:17:17,2024-01-04 10:27:33,1,1.54,237,161,2,11.4,0.0,15.4
256246,2,2024-01-04 10:19:44,2024-01-04 10:43:24,1,4.65,107,88,1,25.4,5.88,35.28
256663,1,2024-01-04 10:25:16,2024-01-04 10:37:02,1,1.2,163,237,2,10.7,0.0,14.7
257988,2,2024-01-04 10:41:45,2024-01-04 11:03:58,1,3.33,231,162,2,21.2,0.0,27.7
258577,1,2024-01-04 10:48:53,2024-01-04 11:02:08,2,1.1,163,43,1,11.4,3.1,18.5
259375,2,2024-01-04 10:58:56,2024-01-04 11:10:27,1,1.03,141,263,2,11.4,0.0,15.4
261097,2,2024-01-04 11:20:35,2024-01-04 11:35:13,1,1.86,142,161,4,-14.9,0.0,-18.9
261129,1,2024-01-04 11:20:53,2024-01-04 11:43:00,,3.7,151,161,0,22.78,0.0,26.78
262791,1,2024-01-04 11:42:00,2024-01-04 12:10:06,1,12.3,215,75,1,42.5,0.0,50.94
262970,1,2024-01-04 11:44:02,2024-01-04 11:59:56,1,2.2,140,142,1,16.3,4.05,24.35
263147,2,2024-01-04 11:46:06,2024-01-04 11:50:09,1,0.49,163,161,2,5.8,0.0,9.8
263585,2,2024-01-04 11:51:11,2024-01-04 12:28:05,1,17.24,237,138,1,70.2,17.23,103.37
263651,2,2024-01-04 11:51:53,2024-01-04 12:08:37,1,2.58,162,113,1,17.0,4.2,25.2
263981,1,2024-01-04 11:55:54,2024-01-04 12:00:26,1,0.7,229,141,1,6.5,2.0,12.5
264208,2,2024-01-04 11:58:44,2024-01-04 12:14:35,1,1.92,141,142,1,15.6,3.92,23.52
266563,2,2024-01-04 12:26:17,2024-01-04 12:53:56,1,4.93,163,231,2,28.2,0.0,32.2
266894,1,2024-01-04 12:30:00,2024-01-04 12:18:23,1,4.8,165,222,1,31.5,0.0,33.0
267619,1,2024-01-04 12:38:21,2024-01-04 12:50:29,1,0.9,237,140,1,11.4,3.05,18.45
268543,2,2024-01-04 12:48:31,2024-01-04 13:11:52,1,3.74,140,79,1,25.4,5.88,35.28
270018,1,2024-01-04 13:04:52,2024-01-04 14:20:10,1,1.4,60,248,1,17.5,0.0,19.0
270314,1,2024-01-04 13:08:03,2024-01-04 13:25:22,1,7.5,75,138,2,29.6,0.0,43.04
272405,2,2024-01-04 13:31:52,2024-01-04 13:45:28,1,1.53,107,68,1,13.5,4.38,21.88
273953,2,2024-01-04 13:48:47,2024-01-04 14:12:18,1,9.4,138,90,1,40.1,11.56,69.35
274479,1,2024-01-04 13:54:10,2024-01-04 14:04:55,1,0.7,237,229,1,10.0,2.8,16.8
274514,1,2024-01-04 13:54:33,2024-01-04 14:16:42,1,2.4,234,161,1,16.3,4.05,24.35
275008,1,2024-01-04 14:00:00,2024-01-04 13:55:50,1,5.6,95,80,1,27.5,0.0,29.0
275032,2,2024-01-04 14:00:12,2024-01-04 14:13:26,1,0.83,163,170,1,12.1,2.0,18.1
275429,2,2024-01-04 14:04:35,2024-01-04 14:11:13,1,1.25,249,186,2,8.6,0.0,12.6
278607,2,2024-01-04 14:36:32,2024-01-04 14:43:11,2,1.25,239,151,2,9.3,0.0,13.3
278809,2,2024-01-04 14:38:37,2024-01-04 14:46:14,1,1.0,143,238,2,8.6,0.0,12.6
279648,2,2024-01-04 14:46:30,2024-01-04 14:53:56,1,0.88,90,158,1,7.9,2.38,14.28
281179,2,2024-01-04 15:01:28,2024-01-04 15:07:26,1,0.88,263,75,1,7.9,0.0,11.9
282096,2,2024-01-04 15:10:13,2024-01-04 16:02:40,1,19.22,132,232,1,70.0,4.0,86.69
284744,1,2024-01-04 15:32:33,2024-01-04 15:35:52,1,0.5,161,237,2,5.1,0.0,9.1
286304,2,2024-01-04 15:45:22,2024-01-04 15:58:13,1,1.19,141,237,2,12.1,0.0,16.1
287537,2,2024-01-04 15:54:59,2024-01-04 16:10:28,1,2.08,48,238,1,14.9,3.78,22.68
287995,2,2024-01-04 15:58:36,2024-01-04 16:04:56,1,1.02,261,231,1,7.9,2.98,14.88
288008,2,2024-01-04 15:58:41,2024-01-04 16:12:05,2,1.67,161,142,1,13.5,3.5,21.0
288986,2,2024-01-04 16:06:43,2024-01-04 16:21:21,1,1.98,238,263,1,14.9,4.28,25.68
290160,2,2024-01-04 16:16:15,2024-01-04 16:25:02,1,1.24,239,143,1,10.0,2.0,18.5
290162,1,2024-01-04 16:16:15,2024-01-04 16:40:09,2,1.9,142,162,1,19.1,6.4,32.0
291336,1,2024-01-04 16:25:14,2024-01-04 16:31:36,1,0.9,239,163,1,8.6,1.51,16.61
291501,2,2024-01-04 16:26:31,2024-01-04 16:33:33,1,0.83,249,234,1,7.9,0.0,14.4
291783,1,2024-01-04 16:28:47,2024-01-04 16:50:20,1,2.9,239,161,1,21.2,2.77,30.47
292039,2,2024-01-04 16:30:34,2024-01-04 16:49:14,1,4.29,234,87,1,22.6,5.82,34.92
292302,1,2024-01-04 16:32:38,2024-01-04 16:41:56,0,1.6,238,237,1,10.7,2.0,19.2
293741,2,2024-01-04 16:44:15,2024-01-04 17:14:05,1,3.27,48,238,1,26.1,6.52,39.12
294861,1,2024-01-04 16:53:00,2024-01-04 16:57:26,,0.0,41,41,0,6.83,0.0,8.33
299462,2,2024-01-04 17:27:07,2024-01-04 17:43:10,2,1.92,161,142,1,15.6,4.42,26.52
299842,2,2024-01-04 17:29:54,2024-01-04 17:33:16,1,0.57,186,234,1,5.1,2.32,13.92
301749,2,2024-01-04 17:42:48,2024-01-04 17:52:02,1,0.98,237,263,1,9.3,3.16,18.96
303374,2,2024-01-04 17:53:58,2024-01-04 18:19:25,1,1.28,162,186,1,21.2,5.54,33.24
304055,1,2024-01-04 17:58:42,2024-01-04 18:14:45,1,1.4,162,100,1,14.9,4.25,25.65
305050,1,2024-01-04 18:05:52,2024-01-04 18:10:56,1,0.6,237,229,1,6.5,2.6,15.6
305663,2,2024-01-04 18:09:49,2024-01-04 18:14:39,2,0.95,140,263,1,7.2,1.0,14.7
306484,2,2024-01-04 18:15:23,2024-01-04 18:45:22,1,5.95,13,239,1,31.7,0.0,38.2
306909,2,2024-01-04 18:18:22,2024-01-04 18:25:21,1,1.1,249,125,4,-8.6,0.0,-15.1
308910,1,2024-01-04 18:32:05,2024-01-04 18:36:32,1,0.5,137,164,1,5.8,2.45,14.75
311853,1,2024-01-04 18:52:37,2024-01-04 19:05:44,1,2.2,107,229,2,14.2,0.0,20.7
314098,2,2024-01-04 19:09:46,2024-01-04 19:44:34,1,11.72,132,17,1,50.6,13.65,70.0
314501,2,2024-01-04 19:12:59,2024-01-04 19:21:09,1,1.43,237,142,1,10.0,1.0,17.5
318323,2,2024-01-04 19:44:30,2024-01-04 20:20:04,2,25.19,132,227,1,91.9,19.18,116.83
322541,2,2024-01-04 20:23:03,2024-01-04 20:37:47,2,3.69,87,114,1,14.2,1.0,20.2
322699,2,2024-01-04 20:24:34,2024-01-04 20:44:39,1,5.52,249,140,1,27.5,6.0,38.5
322798,2,2024-01-04 20:25:28,2024-01-04 20:45:50,1,6.06,237,231,1,28.2,1.66,34.86
324054,2,2024-01-04 20:37:26,2024-01-04 20:44:20,1,1.61,186,114,1,9.3,2.86,17.16
324494,2,2024-01-04 20:41:57,2024-01-04 20:51:56,1,1.73,43,161,1,12.1,3.42,20.52
326914,2,2024-01-04 21:05:07,2024-01-04 21:34:52,2,16.05,170,132,2,70.0,0.0,83.44
326929,2,2024-01-04 21:05:14,2024-01-04 21:17:05,1,2.04,142,229,1,13.5,3.7,22.2
328246,1,2024-01-04 21:17:42,2024-01-04 21:44:59,1,8.9,138,140,1,39.4,7.5,58.65
328371,1,2024-01-04 21:19:01,2024-01-04 21:35:26,1,3.4,249,142,1,19.1,4.82,28.92
328687,2,2024-01-04 21:21:53,2024-01-04 21:31:52,1,1.75,234,158,1,11.4,4.1,20.5
328863,2,2024-01-04 21:23:21,2024-01-04 21:32:12,1,0.87,161,164,1,9.3,2.86,17.16
331032,2,2024-01-04 21:41:40,2024-01-04 22:15:51,1,10.68,246,89,1,47.8,14.94,74.68
334552,2,2024-01-04 22:14:09,2024-01-04 22:21:05,1,1.12,142,239,1,9.3,2.0,16.3
334773,2,2024-01-04 22:16:12,2024-01-04 22:26:21,2,1.6,161,107,1,11.4,2.46,18.86
335897,2,2024-01-04 22:28:27,2024-01-04 22:49:20,1,2.38,238,230,1,20.5,5.1,30.6
336349,2,2024-01-04 22:33:24,2024-01-04 22:44:28,1,1.46,113,164,1,11.4,3.28,19.68
337526,2,2024-01-04 22:46:52,2024-01-04 22:49:31,1,0.59,233,137,1,5.1,2.0,12.1
345002,2,2024-01-05 02:37:47,2024-01-05 02:51:26,1,3.66,249,143,1,18.4,3.0,26.4
345892,2,2024-01-05 05:16:17,2024-01-05 05:20:41,2,0.97,48,50,2,6.5,0.0,11.5
346129,2,2024-01-05 05:40:51,2024-01-05 05:44:49,1,1.32,249,186,2,7.9,0.0,12.9
346199,2,2024-01-05 05:45:42,2024-01-05 06:00:56,1,6.77,261,237,2,28.9,0.0,33.9
346462,6,2024-01-05 06:01:55,2024-01-05 06:01:03,,17.06,265,164,0,50.96,0.0,51.76
346894,2,2024-01-05 06:23:20,2024-01-05 06:40:15,,3.77,49,232,0,18.7,0.0,22.7
347922,2,2024-01-05 06:56:23,2024-01-05 07:09:39,1,6.55,142,244,1,28.2,6.0,38.2
348548,2,2024-01-05 07:12:31,2024-01-05 07:30:30,,3.38,48,236,0,19.91,2.0,25.91
351256,1,2024-01-05 08:02:44,2024-01-05 08:07:48,1,0.7,237,263,2,7.2,0.0,11.2
352011,1,2024-01-05 08:14:12,2024-01-05 08:26:24,0,3.6,239,246,1,17.0,1.0,22.0
352056,1,2024-01-05 08:14:56,2024-01-05 08:30:07,2,0.9,140,237,1,13.5,2.0,19.5
352656,1,2024-01-05 08:23:53,2024-01-05 08:29:10,1,0.8,100,163,1,6.5,2.65,13.15
353083,1,2024-01-05 08:30:07,2024-01-05 08:53:48,1,3.2,143,41,1,19.8,4.75,28.55
354049,2,2024-01-05 08:43:27,2024-01-05 08:50:13,1,1.04,107,233,1,8.6,1.89,14.49
354622,1,2024-01-05 08:50:41,2024-01-05 09:14:21,1,8.3,68,244,1,37.3,0.0,41.3
356607,2,2024-01-05 09:16:28,2024-01-05 09:29:50,1,3.08,238,237,1,16.3,4.06,24.36
356960,2,2024-01-05 09:21:13,2024-01-05 09:59:26,2,5.87,43,12,1,35.9,11.97,51.87
360158,2,2024-01-05 09:59:28,2024-01-05 10:13:57,1,2.13,238,163,1,14.9,3.78,22.68
360170,1,2024-01-05 09:59:37,2024-01-05 10:00:50,1,0.0,229,229,2,3.0,0.0,7.0
360643,2,2024-01-05 10:05:18,2024-01-05 10:09:58,1,0.54,231,231,1,6.5,2.1,12.6
360834,2,2024-01-05 10:07:41,2024-01-05 10:23:58,2,2.64,144,246,1,17.0,4.2,25.2
361377,1,2024-01-05 10:13:54,2024-01-05 10:23:39,1,1.0,186,100,2,10.0,0.0,14.0
361947,2,2024-01-05 10:20:22,2024-01-05 10:25:54,1,0.91,262,236,1,7.2,1.75,12.95
365377,1,2024-01-05 11:00:00,2024-01-05 10:57:16,1,0.6,133,89,1,15.5,0.0,17.0
365525,6,2024-01-05 11:01:55,2024-01-05 11:01:33,,2.09,265,238,0,21.2,0.0,22.0
367215,2,2024-01-05 11:21:32,2024-01-05 11:43:22,1,8.83,138,238,1,36.6,10.01,61.8
367518,2,2024-01-05 11:25:05,2024-01-05 11:32:09,1,1.1,141,43,1,9.3,2.66,15.96
368089,2,2024-01-05 11:31:14,2024-01-05 11:43:06,1,1.02,151,239,2,12.1,0.0,16.1
368376,2,2024-01-05 11:34:20,2024-01-05 11:39:51,1,0.61,100,162,1,7.2,2.0,13.2
369743,2,2024-01-05 11:49:00,2024-01-05 12:19:15,1,11.59,70,48,1,49.2,12.03,72.17
370140,1,2024-01-05 11:53:17,2024-01-05 12:15:23,,3.8,107,43,0,22.6,3.99,30.59
370861,6,2024-01-05 12:01:07,2024-01-05 12:01:03,,3.56,265,77,0,19.2,0.0,20.0
371860,2,2024-01-05 12:11:52,2024-01-05 12:20:06,1,0.9,170,162,1,9.3,2.66,15.96
373541,1,2024-01-05 12:29:49,2024-01-05 13:15:29,1,6.8,233,69,1,27.5,0.0,29.0
377266,2,2024-01-05 13:09:46,2024-01-05 13:23:57,2,1.72,233,140,1,14.2,5.46,23.66
378479,2,2024-01-05 13:22:31,2024-01-05 13:33:16,1,2.22,143,75,1,12.8,4.2,21.0
379997,1,2024-01-05 13:37:40,2024-01-05 13:44:27,1,1.1,237,142,1,7.9,1.0,12.9
380108,2,2024-01-05 13:38:48,2024-01-05 14:22:46,1,7.05,234,61,1,42.2,9.24,55.44
380115,2,2024-01-05 13:38:55,2024-01-05 13:54:46,1,2.79,237,234,1,16.3,4.06,24.36
385254,2,2024-01-05 14:29:02,2024-01-05 14:35:05,1,0.82,148,113,1,7.9,2.38,14.28
385283,1,2024-01-05 14:29:16,2024-01-05 14:40:34,1,1.1,246,100,1,10.7,2.95,17.65
385333,1,2024-01-05 14:29:45,2024-01-05 14:46:49,1,1.9,24,142,1,17.0,4.0,25.0
385345,2,2024-01-05 14:29:51,2024-01-05 14:42:17,1,1.62,163,141,1,12.8,3.36,20.16
386334,2,2024-01-05 14:39:11,2024-01-05 15:06:15,1,3.09,231,25,1,24.0,5.6,33.6
386787,1,2024-01-05 14:43:27,2024-01-05 14:58:03,1,1.4,140,236,2,11.4,0.0,15.4
387096,1,2024-01-05 14:46:30,2024-01-05 15:02:07,1,1.8,186,249,1,14.2,3.65,21.85
387711,2,2024-01-05 14:51:58,2024-01-05 15:13:48,2,3.43,140,7,4,-21.9,0.0,-25.9
387716,2,2024-01-05 14:52:01,2024-01-05 14:59:03,1,0.96,236,43,1,8.6,2.52,15.12
390091,1,2024-01-05 15:13:19,2024-01-05 15:20:25,1,0.9,141,229,1,7.9,1.0,12.9
391348,1,2024-01-05 15:24:38,2024-01-05 15:36:51,2,1.6,43,230,1,12.8,3.35,20.15
393806,2,2024-01-05 15:46:00,2024-01-05 16:17:00,,59282.45,74,47,0,32.02,0.0,33.52
394861,1,2024-01-05 15:55:38,2024-01-05 16:08:26,1,1.2,140,236,2,12.8,0.0,16.8
395874,2,2024-01-05 16:04:57,2024-01-05 16:13:20,1,1.16,141,236,1,10.0,2.8,16.8
396545,2,2024-01-05 16:10:33,2024-01-05 16:25:05,1,2.61,161,79,1,15.6,3.0,25.1
398333,2,2024-01-05 16:25:32,2024-01-05 16:26:56,1,0.51,132,132,3,-4.4,0.0,-10.15
398677,2,2024-01-05 16:28:37,2024-01-05 16:42:20,2,1.93,246,170,1,14.2,4.14,24.84
399002,1,2024-01-05 16:31:40,2024-01-05 16:35:11,1,0.6,140,263,1,5.8,2.45,14.75
399509,1,2024-01-05 16:36:05,2024-01-05 17:02:38,1,8.8,138,234,1,37.3,11.5,68.99
400559,2,2024-01-05 16:45:49,2024-01-05 17:00:52,1,0.95,186,230,1,13.5,4.0,24.0
401357,2,2024-01-05 16:52:56,2024-01-05 17:30:08,1,10.42,138,143,1,47.1,13.11,80.4
401377,2,2024-01-05 16:53:06,2024-01-05 16:57:45,1,0.62,151,151,1,6.5,2.1,12.6
402758,1,2024-01-05 17:04:40,2024-01-05 17:11:06,1,1.1,239,238,1,8.6,3.75,18.85
402760,2,2024-01-05 17:04:40,2024-01-05 17:18:06,1,2.07,161,143,1,14.2,6.21,26.91
403475,1,2024-01-05 17:10:49,2024-01-05 17:15:12,1,0.7,239,239,1,5.8,2.45,14.75
403574,2,2024-01-05 17:11:41,2024-01-05 17:26:15,1,1.48,43,161,1,14.2,4.14,24.84
404224,1,2024-01-05 17:16:48,2024-01-05 17:36:37,1,2.6,170,262,1,17.7,6.05,30.25
404522,1,2024-01-05 17:19:17,2024-01-05 17:25:11,1,1.4,43,43,1,8.6,0.0,15.1
405898,2,2024-01-05 17:30:17,2024-01-05 18:15:42,1,18.68,132,262,1,70.0,17.54,105.23
406112,1,2024-01-05 17:32:05,2024-01-05 17:43:27,1,1.3,229,263,1,11.4,3.25,21.15
406234,2,2024-01-05 17:33:07,2024-01-05 18:08:14,1,10.24,70,143,1,44.3,11.9,71.39
408185,2,2024-01-05 17:48:04,2024-01-05 17:55:34,1,1.17,141,236,1,9.3,3.16,18.96
408803,2,2024-01-05 17:52:35,2024-01-05 18:07:05,1,1.39,68,164,1,13.5,2.0,22.0
409510,2,2024-01-05 17:58:03,2024-01-05 18:07:22,1,1.48,142,238,1,10.7,3.44,20.64
409591,2,2024-01-05 17:58:36,2024-01-05 18:17:16,2,2.46,229,142,1,17.7,6.05,30.25
412079,2,2024-01-05 18:17:55,2024-01-05 18:28:26,1,1.51,238,48,1,11.4,3.58,21.48
412119,1,2024-01-05 18:18:14,2024-01-05 18:24:39,1,1.4,88,45,1,8.6,3.0,18.1
413490,1,2024-01-05 18:28:48,2024-01-05 18:44:25,1,2.0,142,186,1,13.5,4.0,24.0
414186,2,2024-01-05 18:34:16,2024-01-05 18:55:58,1,5.81,231,239,1,28.2,10.41,45.11
414859,2,2024-01-05 18:39:20,2024-01-05 18:45:30,1,1.1,170,107,1,7.9,2.88,17.28
415075,2,2024-01-05 18:40:55,2024-01-05 18:41:00,,0.0,148,148,0,9.67,0.0,13.67
415677,2,2024-01-05 18:45:37,2024-01-05 18:56:37,1,1.73,236,237,1,12.1,3.72,22.32
415983,1,2024-01-05 18:48:14,2024-01-05 18:57:13,1,1.1,100,50,1,10.0,3.0,19.5
417205,2,2024-01-05 18:57:13,2024-01-05 19:03:33,3,0.85,166,41,1,7.9,2.0,13.9
418098,2,2024-01-05 19:04:32,2024-01-05 19:12:01,2,1.52,238,141,2,10.0,0.0,16.5
418431,2,2024-01-05 19:07:09,2024-01-05 19:12:01,1,1.14,237,236,2,7.2,0.0,13.7
419574,2,2024-01-05 19:16:42,2024-01-05 19:21:37,1,0.87,170,107,1,7.2,3.42,17.12
421303,2,2024-01-05 19:32:08,2024-01-05 19:45:49,1,2.47,229,113,1,14.9,4.28,25.68
421585,2,2024-01-05 19:34:38,2024-01-05 19:48:05,1,1.85,161,107,1,14.2,3.1,23.8
422949,2,2024-01-05 19:48:36,2024-01-05 20:35:32,2,18.8,132,236,1,70.0,17.19,104.88
425327,2,2024-01-05 20:14:02,2024-01-05 20:29:20,3,2.03,163,234,4,-15.6,0.0,-20.6
425332,1,2024-01-05 20:14:05,2024-01-05 20:45:11,1,0.0,35,265,1,40.5,0.0,42.0
425610,1,2024-01-05 20:16:57,2024-01-05 20:26:55,1,0.8,234,79,1,9.3,3.6,17.9
427883,2,2024-01-05 20:42:24,2024-01-05 21:21:11,1,26.22,132,181,1,96.8,15.0,116.05
428739,2,2024-01-05 20:52:35,2024-01-05 21:03:32,3,1.11,113,249,1,10.7,3.14,18.84
435980,1,2024-01-05 22:11:48,2024-01-05 22:43:42,1,2.9,114,163,1,22.6,5.5,33.1
436188,2,2024-01-05 22:13:59,2024-01-05 22:34:50,5,10.54,132,92,1,42.2,9.29,55.74
438822,1,2024-01-05 22:41:53,2024-01-05 22:49:03,1,1.3,114,113,1,9.3,2.85,17.15
440490,1,2024-01-05 23:01:19,2024-01-05 23:23:58,2,9.1,138,239,1,35.9,10.9,65.49
440496,2,2024-01-05 23:01:21,2024-01-05 23:10:10,1,1.56,143,238,1,11.4,4.92,21.32
442541,1,2024-01-05 23:24:20,2024-01-05 23:40:02,1,3.4,231,50,1,19.1,4.8,28.9
443223,2,2024-01-05 23:33:34,2024-01-05 23:46:52,2,2.01,246,107,2,13.5,0.0,18.5
443319,2,2024-01-05 23:35:02,2024-01-05 23:53:51,2,1.79,68,114,1,17.0,2.0,24.0
443586,2,2024-01-05 23:38:39,2024-01-05 23:47:24,1,1.27,246,158,1,10.0,3.0,18.0
446849,2,2024-01-06 00:26:02,2024-01-06 00:57:44,3,8.4,230,37,1,40.1,9.02,54.12
447022,2,2024-01-06 00:28:53,2024-01-06 01:00:45,1,10.69,237,95,1,46.4,12.85,64.25
447737,2,2024-01-06 00:40:54,2024-01-06 00:49:56,2,0.99,144,148,1,10.0,2.0,17.0
453907,1,2024-01-06 03:21:49,2024-01-06 03:35:20,,0.0,79,90,0,13.18,0.0,17.18
455837,1,2024-01-06 06:13:55,2024-01-06 06:28:23,3,2.1,264,264,2,13.5,0.0,17.5
456991,1,2024-01-06 07:26:06,2024-01-06 07:29:56,1,1.6,239,43,1,7.9,3.85,16.75
459018,2,2024-01-06 08:38:52,2024-01-06 08:49:55,1,2.79,132,132,1,16.3,3.56,23.11
460868,2,2024-01-06 09:18:45,2024-01-06 09:33:11,1,2.16,142,141,1,15.6,4.9,24.5
462122,1,2024-01-06 09:42:38,2024-01-06 09:51:08,1,1.1,79,113,1,8.6,2.5,15.1
462640,2,2024-01-06 09:50:37,2024-01-06 09:57:25,1,1.18,79,164,1,8.6,1.89,14.49
462680,2,2024-01-06 09:51:05,2024-01-06 09:56:27,1,1.06,237,141,1,7.2,4.0,15.2
463467,2,2024-01-06 10:03:44,2024-01-06 10:09:18,1,0.74,163,142,1,7.2,2.24,13.44
464024,1,2024-01-06 10:13:12,2024-01-06 10:22:05,1,1.7,236,238,1,11.4,2.0,17.4
466902,2,2024-01-06 10:54:13,2024-01-06 10:59:18,2,0.72,236,236,1,7.2,2.24,13.44
467005,2,2024-01-06 10:55:38,2024-01-06 11:02:17,1,1.93,141,229,1,10.0,2.8,16.8
472869,2,2024-01-06 12:08:44,2024-01-06 12:11:27,1,0.73,233,229,1,5.8,1.96,11.76
473922,2,2024-01-06 12:20:11,2024-01-06 12:28:57,1,1.73,48,238,1,10.7,2.65,17.35
473925,1,2024-01-06 12:20:12,2024-01-06 12:30:24,1,1.6,13,211,1,12.1,3.2,19.3
476122,1,2024-01-06 12:45:05,2024-01-06 12:52:44,1,1.3,107,144,1,7.9,0.15,12.05
478455,2,2024-01-06 13:10:14,2024-01-06 13:31:09,1,3.52,238,42,2,21.9,0.0,23.4
478655,2,2024-01-06 13:12:33,2024-01-06 13:21:42,1,1.44,164,48,1,10.0,0.0,14.0
479956,2,2024-01-06 13:25:04,2024-01-06 13:34:27,1,0.42,230,230,1,9.3,0.67,13.97
481391,2,2024-01-06 13:40:23,2024-01-06 13:50:47,1,1.88,234,144,1,12.1,3.22,19.32
481456,2,2024-01-06 13:41:00,2024-01-06 13:48:03,1,1.2,144,45,1,9.3,2.66,15.96
483342,2,2024-01-06 14:01:37,2024-01-06 14:15:57,2,1.77,186,114,1,14.2,20.0,38.2
483704,2,2024-01-06 14:05:36,2024-01-06 14:15:49,2,0.87,211,144,1,10.0,1.0,15.0
484770,2,2024-01-06 14:16:44,2024-01-06 14:18:40,1,0.31,237,237,1,4.4,1.68,10.08
485330,2,2024-01-06 14:22:45,2024-01-06 14:28:36,2,0.53,162,230,2,7.2,0.0,11.2
485723,2,2024-01-06 14:26:59,2024-01-06 14:37:41,2,1.15,100,107,1,10.7,1.5,16.2
487112,1,2024-01-06 14:41:15,2024-01-06 14:55:10,2,1.4,231,144,2,13.5,0.0,17.5
490117,2,2024-01-06 15:10:19,2024-01-06 15:17:57,2,0.81,43,237,1,8.6,1.0,13.6
490967,2,2024-01-06 15:18:34,2024-01-06 15:27:25,1,1.05,234,137,1,10.0,2.8,16.8
492241,2,2024-01-06 15:30:41,2024-01-06 15:44:19,1,2.02,141,239,1,14.9,3.78,22.68
492378,1,2024-01-06 15:31:53,2024-01-06 15:42:21,1,1.6,142,230,1,12.1,10.0,26.1
493709,2,2024-01-06 15:43:42,2024-01-06 16:19:21,2,5.47,43,234,1,33.1,7.42,44.52
494826,2,2024-01-06 15:52:46,2024-01-06 16:04:22,2,1.78,239,262,1,12.8,3.36,20.16
495614,2,2024-01-06 15:59:11,2024-01-06 16:10:43,1,1.94,237,236,1,12.8,4.0,20.8
495811,2,2024-01-06 16:00:44,2024-01-06 16:07:32,2,1.11,107,162,1,8.6,2.52,15.12
496058,2,2024-01-06 16:02:53,2024-01-06 16:02:59,1,0.0,161,161,2,70.0,0.0,74.0
496328,2,2024-01-06 16:05:10,2024-01-06 16:13:43,1,1.19,170,162,2,9.3,0.0,13.3
496647,2,2024-01-06 16:07:51,2024-01-06 16:18:38,2,1.7,142,100,1,11.4,1.5,16.9
496775,2,2024-01-06 16:08:55,2024-01-06 16:22:44,1,1.47,170,164,2,-12.8,0.0,-16.8
498280,2,2024-01-06 16:22:16,2024-01-06 16:26:51,1,0.94,263,75,1,6.5,2.0,12.5
498309,2,2024-01-06 16:22:27,2024-01-06 16:29:45,1,0.92,233,229,1,8.6,1.0,13.6
498906,1,2024-01-06 16:28:12,2024-01-06 16:42:39,1,1.9,238,43,1,12.8,3.35,20.15
498964,2,2024-01-06 16:28:45,2024-01-06 16:38:10,1,1.39,161,237,1,10.7,2.94,17.64
500208,1,2024-01-06 16:40:07,2024-01-06 17:08:39,1,0.6,163,229,1,21.9,6.5,32.4
502426,2,2024-01-06 17:00:23,2024-01-06 17:35:11,,4.99,256,186,0,37.87,0.0,41.87
502972,2,2024-01-06 17:05:10,2024-01-06 17:45:43,3,17.45,132,162,2,70.0,0.0,82.69
503402,2,2024-01-06 17:09:00,2024-01-06 17:36:45,1,9.93,70,239,1,41.5,11.49,70.68
503411,2,2024-01-06 17:09:06,2024-01-06 17:19:13,6,1.13,229,233,2,10.7,0.0,14.7
504088,1,2024-01-06 17:14:49,2024-01-06 17:35:37,1,3.5,163,158,1,19.1,5.1,30.7
504544,2,2024-01-06 17:18:31,2024-01-06 17:26:34,1,1.38,166,239,1,10.0,2.1,16.1
506061,1,2024-01-06 17:32:38,2024-01-06 17:49:36,4,1.1,230,164,1,12.1,3.2,19.3
509183,2,2024-01-06 18:02:17,2024-01-06 18:05:03,2,0.62,233,229,2,5.8,0.0,9.8
509633,1,2024-01-06 18:06:30,2024-01-06 18:19:00,2,1.9,236,162,1,12.1,3.7,22.3
510072,2,2024-01-06 18:10:40,2024-01-06 18:20:29,1,1.56,238,142,1,11.4,3.08,18.48
510698,1,2024-01-06 18:16:04,2024-01-06 18:21:10,1,0.9,234,234,1,6.5,2.6,15.6
511188,1,2024-01-06 18:20:28,2024-01-06 18:32:38,1,1.5,239,163,1,11.4,3.55,21.45
511626,1,2024-01-06 18:24:19,2024-01-06 18:30:02,1,0.4,234,186,2,6.5,0.0,10.5
511816,2,2024-01-06 18:26:11,2024-01-06 18:43:01,1,1.95,43,161,1,16.3,5.08,25.38
512791,2,2024-01-06 18:35:19,2024-01-06 18:50:10,2,2.06,239,163,1,15.6,2.4,22.0
514794,1,2024-01-06 18:54:54,2024-01-06 19:04:12,1,1.9,142,246,1,11.4,2.31,17.71
516153,2,2024-01-06 19:07:43,2024-01-06 19:32:37,1,1.95,137,48,1,21.2,6.3,31.5
518702,2,2024-01-06 19:30:29,2024-01-06 19:48:46,1,2.33,230,238,1,17.7,4.34,26.04
519100,2,2024-01-06 19:34:06,2024-01-06 19:55:59,5,1.68,186,230,1,18.4,4.48,26.88
519546,2,2024-01-06 19:38:11,2024-01-06 19:44:17,1,1.4,237,142,1,9.3,2.66,15.96
520059,2,2024-01-06 19:43:12,2024-01-06 20:07:59,2,9.51,138,238,1,39.4,13.21,67.8
520188,1,2024-01-06 19:44:29,2024-01-06 20:00:16,1,2.0,137,114,1,14.2,1.82,20.02
521650,2,2024-01-06 19:59:58,2024-01-06 20:14:17,1,2.4,107,158,1,14.9,3.78,22.68
521863,6,2024-01-06 20:01:52,2024-01-06 20:01:31,,13.5,265,76,0,53.74,0.0,54.54
523075,2,2024-01-06 20:16:53,2024-01-06 20:37:07,2,2.85,163,158,1,18.4,5.85,29.25
523476,1,2024-01-06 20:21:47,2024-01-06 20:41:56,1,9.3,138,224,1,37.3,11.15,67.14
524870,1,2024-01-06 20:39:13,2024-01-06 21:00:54,2,3.7,68,45,1,20.5,6.35,31.85
526568,2,2024-01-06 21:01:38,2024-01-06 23:41:44,1,142.62,132,265,2,912.3,0.0,940.93
530312,1,2024-01-06 21:46:42,2024-01-06 22:13:11,1,2.7,113,48,1,21.2,5.25,31.45
530676,2,2024-01-06 21:51:04,2024-01-06 21:56:17,1,1.04,263,262,1,7.9,2.58,15.48
530997,2,2024-01-06 21:54:25,2024-01-06 21:59:55,2,1.05,162,140,1,7.9,2.58,15.48
531017,2,2024-01-06 21:54:35,2024-01-06 22:05:24,1,2.23,50,68,1,13.5,5.55,24.05
533301,2,2024-01-06 22:19:30,2024-01-06 22:36:40,1,2.91,141,68,1,17.7,4.0,26.7
533773,1,2024-01-06 22:25:17,2024-01-06 22:43:07,1,4.1,249,143,1,21.9,5.38,32.28
535596,1,2024-01-06 22:44:11,2024-01-06 22:51:55,1,0.1,231,231,1,7.9,0.0,12.9
536634,1,2024-01-06 22:55:13,2024-01-06 23:06:26,1,2.1,230,141,1,13.5,3.7,22.2
536638,2,2024-01-06 22:55:15,2024-01-06 23:04:30,2,1.23,230,142,1,10.7,3.14,18.84
537349,2,2024-01-06 23:03:08,2024-01-06 23:40:18,3,19.36,132,238,1,70.0,14.0,96.69
538385,2,2024-01-06 23:15:31,2024-01-06 23:26:20,1,3.16,107,236,1,15.6,4.12,24.72
544524,2,2024-01-07 00:33:05,2024-01-07 00:39:31,1,1.45,163,246,1,8.6,4.08,17.68
545012,2,2024-01-07 00:41:08,2024-01-07 01:01:01,1,7.84,239,87,1,33.1,2.0,40.1
546148,1,2024-01-07 01:01:59,2024-01-07 01:10:06,1,2.1,231,186,1,10.7,4.7,20.4
550508,1,2024-01-07 02:52:42,2024-01-07 03:10:47,,0.0,148,186,0,19.64,0.0,23.64
551916,2,2024-01-07 04:05:45,2024-01-07 04:27:18,1,5.38,164,179,1,26.8,0.0,31.8
552871,1,2024-01-07 06:11:11,2024-01-07 06:24:18,,0.0,167,212,0,15.36,0.0,16.86
553262,2,2024-01-07 06:45:01,2024-01-07 06:53:23,1,1.09,170,230,1,10.0,2.8,16.8
554713,2,2024-01-07 08:20:38,2024-01-07 08:29:16,1,3.31,263,170,1,14.9,3.78,22.68
555707,2,2024-01-07 08:57:52,2024-01-07 09:08:46,1,2.61,138,7,1,14.9,4.28,27.43
557165,2,2024-01-07 09:41:44,2024-01-07 09:48:40,1,1.98,68,143,1,10.7,1.5,16.2
557944,2,2024-01-07 10:00:04,2024-01-07 10:08:17,1,1.42,113,79,4,10.0,0.0,14.0
559006,2,2024-01-07 10:23:43,2024-01-07 10:45:47,1,14.3,132,16,1,53.4,10.98,67.63
559119,2,2024-01-07 10:25:44,2024-01-07 10:30:25,1,0.82,48,48,1,6.5,2.62,13.12
559621,1,2024-01-07 10:35:29,2024-01-07 10:47:35,1,3.8,48,166,2,19.1,0.0,23.1
565387,2,2024-01-07 12:03:03,2024-01-07 12:05:43,1,0.46,142,142,1,5.1,1.82,10.92
567292,1,2024-01-07 12:30:50,2024-01-07 12:46:01,1,2.9,151,161,1,14.9,3.8,22.7
567922,2,2024-01-07 12:39:52,2024-01-07 13:00:09,1,3.68,148,161,2,22.6,0.0,26.6
568840,2,2024-01-07 12:52:04,2024-01-07 12:55:08,1,0.34,186,100,1,5.1,0.0,9.1
569704,2,2024-01-07 13:03:37,2024-01-07 13:14:22,1,1.4,249,148,1,12.1,3.22,19.32
570378,2,2024-01-07 13:12:44,2024-01-07 13:18:50,1,1.05,229,233,1,7.9,2.38,14.28
570485,2,2024-01-07 13:14:07,2024-01-07 13:18:42,1,0.8,237,237,1,6.5,1.0,11.5
572387,2,2024-01-07 13:40:06,2024-01-07 13:53:47,1,2.32,238,74,2,14.9,0.0,18.9
581968,2,2024-01-07 15:49:49,2024-01-07 15:55:31,1,1.09,100,246,1,7.9,2.38,14.28
582610,2,2024-01-07 15:57:32,2024-01-07 16:09:00,1,2.19,114,186,1,13.5,3.5,21.0
583946,2,2024-01-07 16:14:32,2024-01-07 16:38:36,1,7.32,161,116,2,34.5,0.0,38.5
590120,2,2024-01-07 17:37:52,2024-01-07 17:43:59,1,0.95,143,142,2,7.2,0.0,11.2
590967,2,2024-01-07 17:49:13,2024-01-07 17:56:03,2,1.58,239,141,1,9.3,2.66,15.96
593337,2,2024-01-07 18:20:33,2024-01-07 18:31:48,2,1.74,143,48,1,12.1,3.22,19.32
593722,2,2024-01-07 18:25:56,2024-01-07 18:48:01,1,11.56,138,144,1,45.0,10.8,66.55
593891,1,2024-01-07 18:28:23,2024-01-07 18:34:44,1,1.0,236,239,1,8.6,2.5,15.1
595224,2,2024-01-07 18:50:01,2024-01-07 18:55:08,1,1.28,43,236,1,7.9,2.38,14.28
595345,2,2024-01-07 18:51:42,2024-01-07 19:00:01,1,1.47,113,170,1,10.0,2.8,16.8
595651,2,2024-01-07 18:56:33,2024-01-07 19:01:06,1,0.72,142,143,1,6.5,0.5,11.0
597518,2,2024-01-07 19:27:28,2024-01-07 21:21:51,1,111.57,132,265,2,678.5,0.0,696.0
598454,2,2024-01-07 19:43:40,2024-01-07 20:15:35,1,16.18,70,26,2,61.1,0.0,62.6
598690,2,2024-01-07 19:47:22,2024-01-07 20:19:44,1,19.06,132,97,1,72.3,14.76,90.31
600402,2,2024-01-07 20:17:00,2024-01-07 20:27:15,1,1.38,239,163,2,11.4,0.0,16.4
605697,2,2024-01-07 21:59:48,2024-01-07 22:13:15,1,7.62,138,236,1,30.3,9.45,58.44
606789,2,2024-01-07 22:22:34,2024-01-07 22:38:56,1,8.76,70,162,1,34.5,6.97,53.41
607143,2,2024-01-07 22:31:31,2024-01-07 22:59:18,1,10.18,138,239,1,44.3,10.86,66.91
613243,1,2024-01-08 06:39:16,2024-01-08 06:42:26,1,0.9,229,140,1,5.8,1.76,11.56
615315,1,2024-01-08 07:30:42,2024-01-08 07:49:04,1,2.6,124,10,1,20.5,0.0,22.0
617771,2,2024-01-08 08:10:29,2024-01-08 08:16:24,1,0.76,140,263,1,7.9,1.19,13.09
617831,1,2024-01-08 08:11:22,2024-01-08 08:25:06,1,1.5,237,239,1,12.1,3.2,19.3
618618,1,2024-01-08 08:23:45,2024-01-08 08:37:29,1,1.2,162,164,1,12.8,3.35,20.15
621338,6,2024-01-08 09:01:59,2024-01-08 09:01:00,,24.99,265,215,0,72.34,0.0,73.14
622304,1,2024-01-08 09:15:43,2024-01-08 09:28:39,1,2.3,236,151,1,13.5,4.35,21.85
622924,1,2024-01-08 09:24:41,2024-01-08 09:43:31,1,2.0,229,100,1,17.0,4.2,25.2
624538,2,2024-01-08 09:48:20,2024-01-08 10:05:34,1,2.11,229,142,1,16.3,6.09,26.39
628711,1,2024-01-08 10:49:04,2024-01-08 11:44:14,1,16.6,132,48,1,70.0,16.55,99.24
629058,2,2024-01-08 10:53:41,2024-01-08 11:06:39,1,1.14,237,236,1,12.1,2.0,18.1
629446,1,2024-01-08 10:59:18,2024-01-08 11:02:49,1,0.6,166,166,2,5.1,0.0,6.6
629540,2,2024-01-08 11:00:41,2024-01-08 11:10:24,1,0.62,140,237,1,9.3,2.66,15.96
633200,2,2024-01-08 11:53:07,2024-01-08 12:08:26,2,2.32,90,13,1,17.0,2.1,23.1
633300,1,2024-01-08 11:54:25,2024-01-08 12:06:55,1,2.5,239,166,2,13.5,0.0,17.5
633766,6,2024-01-08 12:01:30,2024-01-08 12:01:18,,1.61,265,133,0,15.2,0.0,16.0
635497,2,2024-01-08 12:24:28,2024-01-08 12:34:52,1,1.42,239,163,1,11.4,3.85,19.25
635862,2,2024-01-08 12:29:16,2024-01-08 12:29:24,1,0.0,226,226,2,3.0,0.0,4.5
636694,1,2024-01-08 12:40:27,2024-01-08 13:00:32,0,2.7,161,249,1,19.1,4.6,27.7
636954,1,2024-01-08 12:44:17,2024-01-08 14:55:08,1,12.2,244,25,1,54.5,0.0,56.0
637449,2,2024-01-08 12:49:59,2024-01-08 13:00:01,1,1.16,186,161,1,10.7,2.94,17.64
637552,1,2024-01-08 12:51:32,2024-01-08 13:08:20,1,1.7,140,236,1,14.9,4.75,23.65
638519,2,2024-01-08 13:04:38,2024-01-08 13:22:58,1,6.05,88,161,1,28.2,6.44,38.64
639662,2,2024-01-08 13:19:49,2024-01-08 13:47:00,1,4.63,113,236,1,27.5,7.88,39.38
642691,2,2024-01-08 13:59:12,2024-01-08 14:45:25,1,8.05,70,140,1,49.9,15.21,76.05
643783,2,2024-01-08 14:12:30,2024-01-08 14:21:57,2,2.01,125,114,1,12.1,2.0,18.1
644660,2,2024-01-08 14:23:01,2024-01-08 14:33:17,1,1.86,237,143,1,12.1,3.22,19.32
644945,2,2024-01-08 14:26:17,2024-01-08 14:55:34,1,8.4,138,263,1,39.4,11.42,68.51
646222,2,2024-01-08 14:40:47,2024-01-08 15:01:13,1,10.9,132,138,1,42.2,9.74,60.19
646274,2,2024-01-08 14:41:14,2024-01-08 14:54:30,2,1.2,50,230,1,12.8,2.0,18.8
646434,1,2024-01-08 14:43:06,2024-01-08 15:00:01,1,2.7,234,237,1,14.9,3.8,22.7
650308,2,2024-01-08 15:26:58,2024-01-08 15:35:25,1,0.64,186,100,1,8.6,2.52,15.12
650469,2,2024-01-08 15:28:40,2024-01-08 15:31:01,4,0.54,48,246,1,5.1,1.82,10.92
651101,2,2024-01-08 15:35:49,2024-01-08 15:41:50,2,0.91,170,229,2,7.9,0.0,11.9
651319,2,2024-01-08 15:38:10,2024-01-08 15:44:40,2,1.01,238,143,1,8.6,1.0,13.6
652130,1,2024-01-08 15:46:32,2024-01-08 16:01:42,1,1.9,100,229,1,13.5,5.25,22.75
652407,2,2024-01-08 15:49:59,2024-01-08 16:00:32,3,1.54,236,239,1,11.4,3.08,18.48
653158,1,2024-01-08 15:58:38,2024-01-08 16:07:42,1,1.6,142,236,1,9.3,2.65,15.95
653729,2,2024-01-08 16:05:14,2024-01-08 16:22:48,1,2.51,142,161,1,17.7,6.05,30.25
655945,2,2024-01-08 16:30:42,2024-01-08 16:45:30,1,1.75,161,237,1,14.2,4.14,24.84
657160,2,2024-01-08 16:44:56,2024-01-08 16:50:21,1,0.54,246,246,2,7.2,0.0,13.7
658205,2,2024-01-08 16:56:39,2024-01-08 17:19:21,1,3.69,90,43,1,22.6,5.82,34.92
659509,2,2024-01-08 17:10:08,2024-01-08 17:29:25,1,2.54,43,170,1,19.1,5.12,30.72
660953,2,2024-01-08 17:25:01,2024-01-08 17:36:43,2,1.27,140,229,1,11.4,3.58,21.48
661257,2,2024-01-08 17:28:00,2024-01-08 17:31:10,1,0.56,236,236,1,5.8,1.23,13.53
664239,1,2024-01-08 17:57:30,2024-01-08 18:02:28,1,0.7,233,162,1,6.5,2.6,15.6
664625,6,2024-01-08 18:01:23,2024-01-08 18:01:14,,8.53,265,95,0,53.3,0.0,54.1
665371,2,2024-01-08 18:08:13,2024-01-08 18:21:17,1,1.71,142,140,1,13.5,1.0,21.0
666414,2,2024-01-08 18:17:26,2024-01-08 18:32:13,2,1.36,100,90,1,13.5,0.0,20.0
666825,2,2024-01-08 18:21:06,2024-01-08 18:34:34,1,2.71,144,233,1,14.9,1.0,22.4
668831,2,2024-01-08 18:38:11,2024-01-08 18:49:23,1,1.9,164,211,1,12.1,2.79,21.39
673286,2,2024-01-08 19:19:44,2024-01-08 19:36:30,1,2.59,261,249,1,17.0,4.7,28.2
673350,2,2024-01-08 19:20:31,2024-01-08 20:03:45,2,18.72,132,48,1,70.0,15.0,102.69
674806,1,2024-01-08 19:37:20,2024-01-08 19:41:36,1,0.7,170,233,1,5.8,2.45,14.75
674986,2,2024-01-08 19:39:19,2024-01-08 19:44:03,1,0.95,163,141,1,6.5,2.6,15.6
676585,6,2024-01-08 20:01:07,2024-01-08 20:01:05,,5.16,265,17,0,31.2,0.0,32.0
677127,1,2024-01-08 20:08:34,2024-01-08 20:41:32,1,18.0,132,230,1,70.0,16.5,99.19
677620,2,2024-01-08 20:15:34,2024-01-08 20:19:36,2,0.94,238,239,1,6.5,2.3,13.8
677623,1,2024-01-08 20:15:36,2024-01-08 20:25:59,1,1.5,152,42,1,10.0,2.5,15.0
677755,1,2024-01-08 20:17:36,2024-01-08 20:20:44,2,0.7,41,41,1,5.8,2.0,10.3
678648,2,2024-01-08 20:30:06,2024-01-08 20:38:37,1,1.56,7,226,2,10.0,0.0,12.5
679632,2,2024-01-08 20:44:54,2024-01-08 21:21:13,1,19.91,132,181,1,77.9,16.08,98.23
680788,6,2024-01-08 21:01:50,2024-01-08 21:01:26,,6.06,265,181,0,30.0,0.0,30.0
682103,2,2024-01-08 21:22:50,2024-01-08 21:37:47,1,2.67,162,145,2,16.3,0.0,21.3
683147,1,2024-01-08 21:39:59,2024-01-08 22:00:58,1,6.8,170,25,1,28.9,6.8,40.7
683640,2,2024-01-08 21:47:31,2024-01-08 22:04:00,2,2.19,68,233,1,16.3,4.26,25.56
683932,2,2024-01-08 21:52:08,2024-01-08 21:59:07,1,1.24,186,163,1,9.3,1.7,16.0
685328,2,2024-01-08 22:18:07,2024-01-08 22:23:14,1,0.73,237,263,1,7.2,2.44,14.64
688404,1,2024-01-08 23:22:17,2024-01-08 23:31:21,1,1.3,114,90,1,10.0,3.0,18.0
689103,1,2024-01-08 23:37:02,2024-01-09 00:06:23,1,20.9,132,82,3,77.2,0.0,81.45
690539,2,2024-01-09 00:39:39,2024-01-09 00:51:00,1,3.88,161,74,1,17.7,4.54,27.24
690987,2,2024-01-09 01:23:27,2024-01-09 01:29:45,1,1.91,229,263,1,10.7,3.92,19.62
691114,2,2024-01-09 01:37:56,2024-01-09 01:47:24,1,1.27,114,148,1,10.7,3.14,18.84
691260,2,2024-01-09 01:57:27,2024-01-09 01:59:48,1,0.48,246,186,2,5.1,0.0,10.1
691764,2,2024-01-09 04:22:32,2024-01-09 04:35:34,,6.63,157,138,0,22.97,4.89,29.36
692285,2,2024-01-09 05:43:13,2024-01-09 05:54:25,,7.94,93,132,0,56.19,6.46,71.09
692991,2,2024-01-09 06:26:02,2024-01-09 06:26:08,1,0.0,226,226,3,-3.0,0.0,-4.5
693999,1,2024-01-09 06:58:16,2024-01-09 07:10:14,1,2.8,239,75,1,14.9,3.8,22.7
694602,2,2024-01-09 07:13:00,2024-01-09 07:17:00,,59076.43,141,162,0,13.82,5.35,23.17
695473,2,2024-01-09 07:29:17,2024-01-09 07:41:04,1,2.12,161,239,1,14.2,5.46,23.66
698733,1,2024-01-09 08:15:59,2024-01-09 08:22:46,1,0.8,48,163,1,7.9,2.35,14.25
698738,2,2024-01-09 08:16:00,2024-01-09 08:32:00,,33916.1,211,162,0,21.94,1.0,26.94
699060,1,2024-01-09 08:19:45,2024-01-09 08:22:59,1,0.5,140,263,1,5.1,2.0,11.1
700059,2,2024-01-09 08:32:48,2024-01-09 08:48:28,,1.88,79,231,0,13.97,0.0,17.97
701676,1,2024-01-09 08:51:46,2024-01-09 09:08:53,1,2.3,234,231,1,16.3,4.05,24.35
702582,1,2024-01-09 09:03:01,2024-01-09 09:42:42,1,15.4,138,87,1,62.5,0.0,80.19
703397,2,2024-01-09 09:13:34,2024-01-09 09:26:53,1,1.64,234,161,1,13.5,4.38,21.88
705634,2,2024-01-09 09:42:15,2024-01-09 09:57:59,1,2.21,161,68,1,15.6,0.0,19.6
706727,2,2024-01-09 09:54:48,2024-01-09 10:05:27,1,0.98,237,229,1,10.7,2.0,16.7
707638,1,2024-01-09 10:05:03,2024-01-09 10:25:45,1,7.9,138,75,2,33.1,0.0,48.29
707997,2,2024-01-09 10:09:28,2024-01-09 10:17:42,1,1.4,142,238,1,10.0,3.5,17.5
708165,2,2024-01-09 10:11:27,2024-01-09 10:27:44,2,2.01,236,162,2,15.6,0.0,19.6
709709,1,2024-01-09 10:30:58,2024-01-09 10:42:02,1,1.2,141,236,1,11.4,3.85,19.25
710671,2,2024-01-09 10:43:46,2024-01-09 10:51:11,1,0.96,140,262,2,8.6,0.0,12.6
710984,2,2024-01-09 10:47:49,2024-01-09 11:16:05,1,3.33,45,48,2,25.4,0.0,29.4
713045,2,2024-01-09 11:11:13,2024-01-09 11:16:23,3,1.0,142,50,1,7.2,0.5,11.7
713448,1,2024-01-09 11:15:51,2024-01-09 11:20:28,1,0.7,236,237,1,6.5,2.1,12.6
713736,2,2024-01-09 11:19:00,2024-01-09 11:27:55,1,1.22,140,237,1,10.0,4.2,18.2
714692,2,2024-01-09 11:29:42,2024-01-09 11:48:26,1,1.52,246,161,1,17.0,2.0,23.0
715588,2,2024-01-09 11:39:21,2024-01-09 11:54:39,1,2.24,246,48,1,14.9,1.1,20.0
717301,1,2024-01-09 11:57:53,2024-01-09 12:19:09,1,5.0,140,68,1,26.1,6.0,36.1
723913,1,2024-01-09 13:14:06,2024-01-09 13:38:23,1,2.1,61,85,1,19.5,0.0,21.0
724504,2,2024-01-09 13:21:50,2024-01-09 13:33:35,1,1.18,186,162,1,11.4,3.08,18.48
724653,2,2024-01-09 13:24:01,2024-01-09 13:31:11,1,0.98,163,142,1,8.6,1.75,14.35
727432,2,2024-01-09 13:51:52,2024-01-09 14:13:01,1,2.4,100,140,1,19.8,4.76,28.56
729370,1,2024-01-09 14:11:24,2024-01-09 14:44:06,1,9.7,138,246,1,42.2,12.0,71.89
729569,1,2024-01-09 14:13:06,2024-01-09 14:27:42,1,1.3,263,140,1,13.5,3.5,21.0
729732,1,2024-01-09 14:14:49,2024-01-09 16:48:49,1,101.1,132,265,1,450.0,91.9,551.59
730072,2,2024-01-09 14:18:32,2024-01-09 14:20:58,1,0.32,238,238,1,4.4,1.68,10.08
730471,2,2024-01-09 14:22:28,2024-01-09 14:35:40,1,1.87,236,237,1,14.2,3.64,21.84
730769,2,2024-01-09 14:25:21,2024-01-09 14:30:43,1,0.74,140,262,1,7.2,1.0,12.2
730960,2,2024-01-09 14:27:15,2024-01-09 14:39:11,1,1.14,162,237,1,11.4,0.0,15.4
731177,1,2024-01-09 14:29:26,2024-01-09 15:18:58,1,17.0,132,237,1,70.0,10.0,85.75
731866,1,2024-01-09 14:35:56,2024-01-09 14:46:24,1,1.2,68,107,1,11.4,3.05,18.45
734530,2,2024-01-09 14:59:22,2024-01-09 15:03:44,2,0.62,236,262,1,6.5,2.1,12.6
736228,1,2024-01-09 15:14:11,2024-01-09 15:44:26,1,5.3,161,87,1,30.3,5.15,39.45
736745,2,2024-01-09 15:18:48,2024-01-09 15:26:01,2,1.89,138,223,4,10.7,0.0,18.95
737197,2,2024-01-09 15:22:45,2024-01-09 15:27:18,1,0.68,234,164,1,6.5,1.5,12.0
738259,2,2024-01-09 15:32:46,2024-01-09 15:49:06,1,1.31,237,140,1,14.2,0.0,18.2
738409,2,2024-01-09 15:34:06,2024-01-09 16:05:05,1,8.48,138,262,1,39.4,11.07,68.16
738639,2,2024-01-09 15:36:06,2024-01-09 15:49:57,1,1.41,137,90,1,13.5,3.5,21.0
739107,1,2024-01-09 15:39:57,2024-01-09 15:49:06,1,1.5,79,137,1,10.7,2.9,17.6
739671,2,2024-01-09 15:45:04,2024-01-09 15:57:49,1,2.19,186,90,1,14.2,3.64,21.84
741795,1,2024-01-09 16:05:08,2024-01-09 16:10:04,,0.6,229,162,0,6.5,1.95,14.95
742209,2,2024-01-09 16:09:06,2024-01-09 16:20:59,1,1.33,141,263,1,12.1,3.72,22.32
743915,2,2024-01-09 16:26:56,2024-01-09 16:40:32,1,0.96,161,162,1,12.8,2.0,21.3
744839,2,2024-01-09 16:36:25,2024-01-09 17:16:23,2,7.85,237,256,4,39.4,0.0,45.9
745274,2,2024-01-09 16:40:23,2024-01-09 16:47:08,1,0.71,140,237,1,7.9,2.88,17.28
745964,2,2024-01-09 16:46:33,2024-01-09 16:59:40,2,1.06,43,229,2,12.8,0.0,19.3
746913,2,2024-01-09 16:55:41,2024-01-09 17:13:48,1,2.6,163,239,2,17.7,0.0,24.2
747613,1,2024-01-09 17:02:35,2024-01-09 18:25:03,1,17.5,230,132,1,70.0,17.15,103.09
748156,2,2024-01-09 17:07:35,2024-01-09 17:16:27,1,1.19,107,68,1,10.0,3.5,20.0
748305,2,2024-01-09 17:08:50,2024-01-09 17:22:09,1,3.82,132,10,2,18.4,0.0,24.15
748896,2,2024-01-09 17:13:42,2024-01-09 17:23:26,1,0.9,164,137,1,10.0,1.0,17.5
748925,2,2024-01-09 17:13:57,2024-01-09 17:27:02,3,1.94,239,236,1,14.2,4.14,24.84
750985,2,2024-01-09 17:30:59,2024-01-09 18:28:35,1,14.05,132,181,1,66.0,14.5,88.75
752139,2,2024-01-09 17:39:22,2024-01-09 17:59:27,1,2.07,230,143,1,17.7,4.11,28.31
752491,2,2024-01-09 17:41:34,2024-01-09 17:50:23,1,2.35,140,137,1,12.1,3.72,22.32
752608,1,2024-01-09 17:42:25,2024-01-09 17:59:04,2,1.6,186,230,1,14.9,4.25,25.65
753702,1,2024-01-09 17:50:09,2024-01-09 18:06:28,1,2.5,233,148,2,14.9,0.0,21.4
754078,2,2024-01-09 17:52:34,2024-01-09 18:07:11,,1.7,141,162,0,16.72,0.0,20.72
756680,2,2024-01-09 18:10:48,2024-01-09 18:25:48,2,2.34,170,141,1,16.3,4.56,27.36
756825,1,2024-01-09 18:11:51,2024-01-09 18:21:26,1,1.5,43,236,1,11.4,4.45,22.35
759129,2,2024-01-09 18:27:21,2024-01-09 18:34:54,,1.07,143,239,0,10.08,0.0,14.08
759202,1,2024-01-09 18:27:54,2024-01-09 18:40:18,1,1.8,230,236,1,12.1,3.7,22.3
760964,2,2024-01-09 18:40:55,2024-01-09 18:45:03,1,0.44,107,107,1,5.8,2.46,14.76
761762,2,2024-01-09 18:47:21,2024-01-09 18:56:02,1,1.38,237,162,1,10.7,5.16,22.36
764003,1,2024-01-09 19:08:32,2024-01-09 19:22:36,1,1.1,107,186,1,13.5,4.0,24.0
767285,2,2024-01-09 19:42:36,2024-01-09 20:02:52,1,2.22,100,142,2,18.4,0.0,24.9
768159,2,2024-01-09 19:52:17,2024-01-09 19:58:12,1,0.8,170,233,1,7.2,1.37,15.07
769741,2,2024-01-09 20:11:54,2024-01-09 20:15:38,2,0.43,230,230,1,5.1,2.0,12.1
770806,1,2024-01-09 20:25:36,2024-01-09 20:34:24,1,1.1,230,229,1,9.3,2.85,17.15
774964,1,2024-01-09 21:19:16,2024-01-09 21:24:43,1,1.2,162,137,1,8.6,3.4,17.0
777227,2,2024-01-09 21:45:02,2024-01-09 21:51:37,1,0.97,249,107,1,7.9,3.23,16.13
782827,2,2024-01-09 23:19:20,2024-01-09 23:32:31,1,2.85,48,137,1,14.9,3.98,23.88
783558,2,2024-01-09 23:50:52,2024-01-09 23:54:44,1,0.47,162,161,2,5.8,0.0,10.8
786675,1,2024-01-10 06:13:28,2024-01-10 06:47:24,1,5.1,116,145,1,29.5,0.0,31.0
788033,2,2024-01-10 07:00:18,2024-01-10 07:03:20,1,0.81,236,238,1,5.8,1.96,11.76
788475,2,2024-01-10 07:11:00,2024-01-10 07:23:00,,15015.12,239,237,0,13.82,3.56,21.38
789946,2,2024-01-10 07:36:54,2024-01-10 07:44:26,1,2.28,239,246,1,11.4,3.08,18.48
790140,1,2024-01-10 07:39:49,2024-01-10 08:08:42,2,10.0,138,140,1,40.1,3.0,60.79
790426,2,2024-01-10 07:43:57,2024-01-10 07:57:10,1,1.44,186,170,2,12.8,0.0,16.8
796790,2,2024-01-10 09:03:53,2024-01-10 09:26:25,1,5.09,164,87,1,27.5,6.3,37.8
797007,2,2024-01-10 09:06:26,2024-01-10 09:18:22,1,1.11,186,162,1,11.4,3.08,18.48
798682,1,2024-01-10 09:26:57,2024-01-10 10:03:45,1,10.4,142,138,1,49.9,10.0,75.84
799045,1,2024-01-10 09:31:54,2024-01-10 09:33:11,1,0.5,262,75,2,4.4,0.0,8.4
799320,2,2024-01-10 09:35:25,2024-01-10 09:46:10,1,2.24,151,142,1,13.5,3.5,21.0
800911,2,2024-01-10 09:56:11,2024-01-10 10:02:09,1,0.77,144,79,2,7.2,0.0,13.7
801277,1,2024-01-10 10:01:07,2024-01-10 10:06:25,1,0.5,229,233,1,6.5,2.1,12.6
805858,2,2024-01-10 11:00:20,2024-01-10 11:08:58,1,1.22,68,234,1,9.3,2.66,15.96
806235,2,2024-01-10 11:05:29,2024-01-10 11:21:26,1,1.53,68,113,1,14.2,5.46,23.66
806967,2,2024-01-10 11:14:43,2024-01-10 13:06:29,2,115.75,132,265,2,400.0,0.0,409.69
810228,2,2024-01-10 11:54:46,2024-01-10 12:04:58,1,0.69,100,230,1,10.7,2.94,17.64
811230,1,2024-01-10 12:06:40,2024-01-10 12:44:05,1,5.7,236,129,1,31.5,0.0,33.0
811862,1,2024-01-10 12:13:30,2024-01-10 12:24:55,1,0.7,163,162,1,10.7,4.0,18.7
811983,2,2024-01-10 12:14:50,2024-01-10 13:00:32,1,18.25,132,80,1,74.4,15.18,92.83
812446,2,2024-01-10 12:20:04,2024-01-10 12:27:09,1,1.03,263,237,1,8.6,2.52,15.12
815039,1,2024-01-10 12:49:40,2024-01-10 13:13:05,2,11.2,132,201,2,45.0,0.0,53.45
815367,2,2024-01-10 12:53:33,2024-01-10 13:11:13,1,3.26,211,246,1,19.1,0.0,23.1
817094,2,2024-01-10 13:13:32,2024-01-10 13:18:29,1,0.58,161,161,1,6.5,2.62,13.12
818198,2,2024-01-10 13:26:01,2024-01-10 13:54:43,1,2.51,186,239,1,24.7,5.74,34.44
818619,2,2024-01-10 13:30:22,2024-01-10 13:39:05,1,1.1,236,140,1,10.0,4.2,18.2
819145,2,2024-01-10 13:36:04,2024-01-10 14:25:30,4,12.9,132,25,1,60.4,10.0,73.65
823122,2,2024-01-10 14:15:47,2024-01-10 14:21:15,2,0.75,239,239,1,6.5,2.62,13.12
824201,2,2024-01-10 14:26:41,2024-01-10 15:09:03,1,6.43,236,249,1,40.1,8.82,52.92
824582,1,2024-01-10 14:30:44,2024-01-10 14:45:46,1,1.3,161,50,1,12.8,3.35,20.15
825396,2,2024-01-10 14:39:03,2024-01-10 14:45:22,1,1.06,114,158,1,7.9,2.38,14.28
829318,2,2024-01-10 15:16:02,2024-01-10 15:59:55,1,20.27,132,140,1,70.0,20.67,103.36
829891,1,2024-01-10 15:21:32,2024-01-10 15:54:57,1,9.4,138,239,1,41.5,11.83,71.02
830656,2,2024-01-10 15:28:19,2024-01-10 15:40:27,1,2.32,238,236,1,14.2,3.64,21.84
832634,2,2024-01-10 15:48:02,2024-01-10 15:54:20,1,0.95,161,236,2,7.9,0.0,11.9
834431,2,2024-01-10 16:05:21,2024-01-10 16:17:24,1,1.34,163,230,1,12.1,1.9,18.0
835647,2,2024-01-10 16:17:16,2024-01-10 16:37:13,1,2.36,75,168,2,17.7,0.0,21.7
837788,2,2024-01-10 16:38:40,2024-01-10 16:57:01,1,2.18,162,262,1,17.0,7.05,30.55
837924,2,2024-01-10 16:40:14,2024-01-10 16:52:21,1,1.86,114,186,1,13.5,4.0,24.0
839480,1,2024-01-10 16:56:12,2024-01-10 17:07:31,1,1.3,234,144,2,11.4,0.0,17.9
840010,1,2024-01-10 17:01:56,2024-01-10 17:28:54,1,7.9,138,166,1,37.3,7.0,61.99
840563,2,2024-01-10 17:06:44,2024-01-10 17:31:30,1,3.76,68,236,1,23.3,4.47,34.27
845515,2,2024-01-10 17:48:47,2024-01-10 18:11:53,1,4.7,237,158,1,26.1,6.52,39.12
845856,2,2024-01-10 17:51:32,2024-01-10 18:03:17,1,1.67,246,230,1,12.8,4.83,24.13
845887,2,2024-01-10 17:51:46,2024-01-10 17:51:55,1,0.03,113,113,2,70.0,0.0,79.0
846071,2,2024-01-10 17:53:31,2024-01-10 17:58:06,1,0.63,236,236,1,6.5,1.5,14.5
846638,1,2024-01-10 17:57:53,2024-01-10 18:12:09,2,2.3,161,236,1,14.9,4.25,25.65
846697,1,2024-01-10 17:58:18,2024-01-10 18:19:18,1,2.7,107,263,1,17.0,1.5,25.0
847045,2,2024-01-10 18:01:05,2024-01-10 18:20:30,1,3.13,24,263,1,19.1,6.4,32.0
847430,2,2024-01-10 18:04:18,2024-01-10 18:22:48,1,2.46,162,262,1,18.4,4.98,29.88
848775,2,2024-01-10 18:15:01,2024-01-10 18:25:37,1,1.13,48,100,1,10.7,1.1,18.3
849489,1,2024-01-10 18:20:34,2024-01-10 18:53:47,1,18.6,138,265,1,90.5,27.0,135.19
849945,1,2024-01-10 18:24:15,2024-01-10 19:07:08,1,14.0,138,132,2,56.2,0.0,66.95
852603,1,2024-01-10 18:46:54,2024-01-10 18:55:14,1,0.7,170,164,1,7.9,3.6,18.0
853164,2,2024-01-10 18:51:32,2024-01-10 19:00:02,1,2.4,236,24,1,12.1,3.0,21.6
853237,2,2024-01-10 18:52:06,2024-01-10 18:59:42,2,1.47,236,75,1,10.0,3.3,19.8
853796,1,2024-01-10 18:57:02,2024-01-10 19:00:07,1,0.4,163,237,1,5.1,2.3,13.9
855693,2,2024-01-10 19:14:36,2024-01-10 19:17:37,1,0.48,263,236,1,5.1,2.32,13.92
857549,2,2024-01-10 19:32:28,2024-01-10 19:38:47,,0.63,75,75,0,11.74,0.0,13.24
857927,2,2024-01-10 19:36:19,2024-01-10 19:40:17,1,0.51,261,13,1,5.8,2.46,14.76
858976,2,2024-01-10 19:46:58,2024-01-10 19:56:21,1,1.06,163,170,1,10.0,4.95,21.45
859159,2,2024-01-10 19:48:39,2024-01-10 20:00:12,2,1.21,125,234,1,11.4,3.58,21.48
861346,2,2024-01-10 20:10:52,2024-01-10 20:21:11,1,2.07,114,246,1,12.1,2.0,19.1
861907,2,2024-01-10 20:16:35,2024-01-10 20:23:42,1,1.14,48,142,1,8.6,3.4,17.0
862885,2,2024-01-10 20:26:55,2024-01-10 20:36:08,2,1.14,161,237,1,10.0,1.5,16.5
864073,2,2024-01-10 20:39:32,2024-01-10 20:50:35,2,1.08,186,161,4,10.7,0.0,15.7
864310,2,2024-01-10 20:42:04,2024-01-10 20:42:10,1,0.01,132,132,2,3.0,0.0,7.25
864728,2,2024-01-10 20:46:29,2024-01-10 20:58:08,1,1.45,90,79,1,12.1,1.5,18.6
865040,1,2024-01-10 20:49:44,2024-01-10 20:55:11,1,1.2,249,90,1,7.9,2.55,15.45
867276,2,2024-01-10 21:13:05,2024-01-10 21:36:43,1,13.87,132,37,1,53.4,11.18,68.83
867683,2,2024-01-10 21:17:20,2024-01-10 21:30:32,2,2.54,161,158,1,14.9,3.98,23.88
869238,2,2024-01-10 21:33:58,2024-01-10 22:02:08,1,10.21,132,177,1,42.9,0.0,47.15
869915,2,2024-01-10 21:41:55,2024-01-10 22:13:23,1,20.1,132,238,1,70.0,1.0,81.19
871496,2,2024-01-10 21:58:30,2024-01-10 22:05:54,1,0.83,142,143,1,8.6,2.72,16.32
872453,2,2024-01-10 22:09:32,2024-01-10 22:20:50,1,1.84,50,164,1,12.8,3.56,21.36
873292,2,2024-01-10 22:20:23,2024-01-10 22:24:00,1,0.9,141,141,1,6.5,2.3,13.8
873456,2,2024-01-10 22:22:28,2024-01-10 22:28:14,1,0.96,48,142,2,7.9,0.0,12.9
874464,2,2024-01-10 22:37:19,2024-01-10 22:40:51,1,0.77,163,142,4,5.8,0.0,10.8
875211,2,2024-01-10 22:48:24,2024-01-10 23:01:06,1,2.22,161,143,1,14.2,3.84,23.04
876955,1,2024-01-10 23:17:15,2024-01-10 23:28:09,1,2.4,144,246,1,13.5,3.7,22.2
877611,2,2024-01-10 23:30:57,2024-01-10 23:36:27,,0.63,230,68,0,6.83,0.0,10.83
877787,2,2024-01-10 23:35:08,2024-01-10 23:43:43,1,1.23,162,48,1,9.3,2.86,17.16
878263,1,2024-01-10 23:47:24,2024-01-10 23:57:52,1,0.2,186,170,1,7.2,3.05,15.25
879014,2,2024-01-11 00:09:38,2024-01-11 00:37:12,1,17.01,132,123,1,64.6,5.0,73.85
881093,2,2024-01-11 02:33:21,2024-01-11 02:38:02,1,1.08,90,170,1,7.2,0.0,12.2
881773,1,2024-01-11 04:45:40,2024-01-11 05:24:43,1,14.1,203,137,1,52.5,0.0,54.0
883065,1,2024-01-11 06:30:45,2024-01-11 06:34:49,1,0.8,162,137,1,6.5,2.1,12.6
885910,1,2024-01-11 07:37:34,2024-01-11 07:46:31,2,1.7,236,161,1,10.7,2.9,17.6
886149,2,2024-01-11 07:41:00,2024-01-11 07:48:00,,33934.01,238,142,0,13.82,1.78,19.6
887207,2,2024-01-11 07:55:19,2024-01-11 08:47:57,4,18.94,230,132,1,70.0,16.19,98.88
887350,1,2024-01-11 07:57:23,2024-01-11 08:08:05,,1.2,239,238,0,11.4,1.54,16.94
887793,1,2024-01-11 08:03:51,2024-01-11 08:26:21,1,3.0,140,68,1,19.8,4.75,28.55
889718,2,2024-01-11 08:27:25,2024-01-11 08:41:22,1,1.01,48,161,1,12.8,3.36,20.16
889901,1,2024-01-11 08:29:25,2024-01-11 08:33:35,1,0.7,224,137,1,6.5,2.1,12.6
890048,2,2024-01-11 08:30:54,2024-01-11 08:37:19,1,0.8,162,163,1,7.9,2.38,14.28
893032,2,2024-01-11 09:04:28,2024-01-11 09:19:45,2,2.54,238,41,1,16.3,4.06,24.36
895482,1,2024-01-11 09:33:30,2024-01-11 09:36:22,1,0.5,237,237,1,5.1,1.8,10.9
897130,2,2024-01-11 09:52:49,2024-01-11 10:10:32,2,2.99,246,231,1,19.1,4.62,27.72
900769,1,2024-01-11 10:37:32,2024-01-11 11:00:43,1,13.0,138,241,1,49.9,2.0,67.09
903647,2,2024-01-11 11:10:55,2024-01-11 11:33:57,1,1.75,45,232,2,20.5,0.0,24.5
906619,1,2024-01-11 11:44:57,2024-01-11 11:50:45,1,0.9,142,239,2,6.5,0.0,10.5
906890,2,2024-01-11 11:48:23,2024-01-11 12:26:44,3,10.66,138,142,1,47.8,12.75,78.24
909727,2,2024-01-11 12:18:25,2024-01-11 12:38:59,1,1.33,68,233,2,17.7,0.0,21.7
910394,2,2024-01-11 12:25:11,2024-01-11 12:48:18,1,176.43,138,10,1,35.9,8.48,52.63
910439,2,2024-01-11 12:25:30,2024-01-11 12:40:54,2,1.98,237,137,2,15.6,0.0,19.6
910852,2,2024-01-11 12:30:09,2024-01-11 12:43:49,1,2.09,246,163,1,14.2,3.64,21.84
912669,2,2024-01-11 12:49:19,2024-01-11 13:00:44,1,1.71,236,140,2,12.1,0.0,16.1
912735,2,2024-01-11 12:49:57,2024-01-11 13:01:26,1,2.2,140,233,1,14.2,3.64,21.84
917537,2,2024-01-11 13:40:41,2024-01-11 14:03:50,1,6.27,88,163,1,31.0,7.0,42.0
917976,2,2024-01-11 13:45:05,2024-01-11 14:02:18,1,1.85,262,75,1,16.3,4.06,24.36
919348,2,2024-01-11 13:59:35,2024-01-11 14:06:12,6,0.76,142,163,1,7.9,2.98,14.88
919710,2,2024-01-11 14:03:39,2024-01-11 14:23:03,1,2.3,239,230,1,18.4,4.48,26.88
919815,2,2024-01-11 14:04:41,2024-01-11 14:07:52,1,0.56,100,90,1,5.1,2.73,11.83
921778,2,2024-01-11 14:24:34,2024-01-11 14:44:40,1,2.57,237,246,1,19.1,4.62,27.72
922797,1,2024-01-11 14:34:51,2024-01-11 15:21:48,1,17.8,132,41,1,70.0,8.0,88.19
925818,2,2024-01-11 15:01:56,2024-01-11 15:12:56,1,1.9,125,68,1,12.8,3.36,20.16
927267,2,2024-01-11 15:14:57,2024-01-11 15:26:09,1,1.26,141,236,1,11.4,2.0,17.4
927595,1,2024-01-11 15:17:53,2024-01-11 15:23:35,1,0.6,236,263,1,7.2,2.0,13.2
928310,1,2024-01-11 15:24:13,2024-01-11 15:33:15,2,0.9,162,170,1,9.3,2.2,15.5
930627,1,2024-01-11 15:45:33,2024-01-11 16:09:55,,3.0,186,239,0,20.5,4.9,29.4
933216,2,2024-01-11 16:09:58,2024-01-11 16:56:50,1,16.74,132,141,1,70.0,3.25,84.0
934896,2,2024-01-11 16:25:46,2024-01-11 16:29:41,4,1.17,137,229,1,7.2,2.74,16.44
942137,2,2024-01-11 17:30:01,2024-01-11 17:39:14,1,1.4,161,262,1,10.7,2.0,19.2
942763,2,2024-01-11 17:34:49,2024-01-11 17:49:53,,2.14,238,263,0,25.01,5.8,34.81
943290,2,2024-01-11 17:38:51,2024-01-11 17:40:47,1,0.58,237,237,1,4.4,1.0,11.9
943579,2,2024-01-11 17:41:00,2024-01-11 17:54:40,2,1.82,246,163,1,13.5,4.0,24.0
943601,2,2024-01-11 17:41:10,2024-01-11 17:54:29,1,0.0,161,114,1,12.1,3.72,22.32
944229,2,2024-01-11 17:45:51,2024-01-11 18:11:11,5,3.41,234,263,1,23.3,5.96,35.76
944502,2,2024-01-11 17:47:51,2024-01-11 18:23:15,1,9.26,138,100,1,45.0,15.86,81.05
945020,1,2024-01-11 17:51:22,2024-01-11 18:00:00,1,0.9,230,186,1,9.3,2.0,17.8
947056,1,2024-01-11 18:06:30,2024-01-11 18:13:18,1,0.7,114,231,1,6.5,2.6,15.6
947550,2,2024-01-11 18:10:07,2024-01-11 18:20:26,2,1.38,186,113,1,11.4,3.58,21.48
949689,2,2024-01-11 18:26:22,2024-01-11 18:54:05,1,10.38,138,237,1,42.9,12.62,75.71
949806,2,2024-01-11 18:27:10,2024-01-11 19:10:08,2,17.19,132,164,2,70.0,0.0,87.69
950454,2,2024-01-11 18:31:51,2024-01-11 18:48:08,1,1.45,163,100,1,14.9,4.28,25.68
950865,2,2024-01-11 18:35:06,2024-01-11 18:40:22,1,0.74,161,164,1,7.2,2.74,16.44
952130,2,2024-01-11 18:44:06,2024-01-11 19:03:01,1,2.75,107,13,1,19.8,5.26,31.56
953159,1,2024-01-11 18:51:52,2024-01-11 18:56:12,2,1.0,90,113,1,7.2,2.7,16.4
953886,1,2024-01-11 18:57:22,2024-01-11 19:05:30,2,1.3,234,158,1,9.3,2.0,17.8
954342,2,2024-01-11 19:01:18,2024-01-11 19:10:24,1,0.86,230,229,1,9.3,3.16,18.96
955475,2,2024-01-11 19:10:51,2024-01-11 19:30:56,1,4.38,249,142,1,23.3,7.45,37.25
958553,2,2024-01-11 19:35:12,2024-01-11 19:41:59,5,0.95,262,262,1,7.9,2.88,17.28
965012,2,2024-01-11 20:33:23,2024-01-11 20:49:42,1,1.85,114,186,1,15.6,4.12,24.72
967089,2,2024-01-11 20:53:39,2024-01-11 21:01:07,1,2.12,48,238,1,11.4,3.28,19.68
969697,1,2024-01-11 21:17:56,2024-01-11 21:38:24,2,3.3,144,186,2,18.4,0.0,23.4
971794,2,2024-01-11 21:37:23,2024-01-11 21:49:38,1,1.92,100,114,1,12.8,3.56,21.36
972992,2,2024-01-11 21:48:42,2024-01-11 22:23:13,1,10.03,138,239,1,47.1,13.16,78.95
978966,2,2024-01-11 22:52:17,2024-01-11 23:09:09,1,3.89,79,48,1,20.5,5.1,30.6
979068,1,2024-01-11 22:53:31,2024-01-11 22:57:53,1,1.1,264,249,1,7.2,2.4,14.6
979504,2,2024-01-11 22:58:50,2024-01-11 23:13:07,1,3.02,164,141,1,17.0,3.0,25.0
980473,2,2024-01-11 23:10:12,2024-01-11 23:15:50,1,1.31,246,143,1,8.6,2.72,16.32
983289,2,2024-01-11 23:51:03,2024-01-12 00:11:06,1,5.68,114,262,1,28.2,6.64,39.84
984144,2,2024-01-12 00:09:20,2024-01-12 00:24:23,1,4.84,148,141,1,23.3,3.0,31.3
984553,1,2024-01-12 00:17:57,2024-01-12 00:20:02,,0.0,114,113,0,10.83,0.0,14.83
985306,2,2024-01-12 00:40:16,2024-01-12 00:43:11,1,1.18,162,141,2,6.5,0.0,11.5
988789,2,2024-01-12 05:16:00,2024-01-12 05:26:00,,51619.36,238,186,0,16.17,4.03,24.2
988896,2,2024-01-12 05:27:58,2024-01-12 05:50:16,1,16.69,132,233,1,70.0,16.19,98.88
988952,1,2024-01-12 05:32:53,2024-01-12 05:38:18,1,0.8,189,181,1,16.5,0.0,18.0
988982,2,2024-01-12 05:35:06,2024-01-12 05:39:35,1,1.3,48,43,1,7.9,2.58,15.48
989865,2,2024-01-12 06:29:32,2024-01-12 07:13:38,1,22.1,261,132,1,70.0,18.5,92.5
991321,2,2024-01-12 07:13:49,2024-01-12 07:30:40,1,4.1,75,170,2,20.5,0.0,24.5
991419,2,2024-01-12 07:15:52,2024-01-12 07:19:08,1,0.89,230,68,1,5.8,1.96,11.76
991508,2,2024-01-12 07:18:00,2024-01-12 07:38:00,,44018.64,233,138,0,32.75,8.74,52.43
991704,1,2024-01-12 07:21:48,2024-01-12 07:24:44,,0.8,143,50,0,5.8,3.92,13.72
992002,2,2024-01-12 07:27:49,2024-01-12 07:40:53,1,3.03,186,13,2,16.3,0.0,20.3
992873,2,2024-01-12 07:43:36,2024-01-12 07:45:45,5,0.48,142,142,1,5.1,2.28,11.38
993616,2,2024-01-12 07:54:31,2024-01-12 08:13:06,1,1.64,264,264,1,17.0,2.0,20.5
994594,2,2024-01-12 08:08:21,2024-01-12 08:24:48,1,3.29,236,234,1,19.1,2.31,25.41
994914,1,2024-01-12 08:13:09,2024-01-12 08:27:24,1,2.6,231,230,1,14.2,4.55,22.75
996497,2,2024-01-12 08:38:08,2024-01-12 08:50:22,1,1.7,43,263,2,12.8,0.0,16.8
996992,1,2024-01-12 08:44:35,2024-01-12 08:48:59,1,0.6,137,164,1,6.5,2.1,12.6
1000569,1,2024-01-12 09:35:43,2024-01-12 09:46:29,1,1.9,261,249,2,12.8,0.0,16.8
1003371,2,2024-01-12 10:11:55,2024-01-12 10:33:31,2,4.15,239,170,1,23.3,5.46,32.76
1004104,2,2024-01-12 10:21:14,2024-01-12 10:26:00,1,0.59,239,142,1,6.5,1.58,12.08
1004628,1,2024-01-12 10:27:51,2024-01-12 10:47:07,2,9.2,262,231,1,37.3,8.25,49.55
1004815,2,2024-01-12 10:30:15,2024-01-12 10:42:54,1,1.78,234,161,1,12.8,3.36,20.16
1005353,1,2024-01-12 10:36:59,2024-01-12 10:46:48,,2.3,262,233,0,13.5,2.63,20.13
1005366,2,2024-01-12 10:37:12,2024-01-12 10:42:23,2,0.53,263,43,1,6.5,2.1,12.6
1005373,2,2024-01-12 10:37:16,2024-01-12 10:49:46,1,1.58,162,164,1,12.8,3.36,20.16
1005649,2,2024-01-12 10:40:28,2024-01-12 13:46:56,1,210.82,168,265,2,500.0,0.0,515.88
1005866,2,2024-01-12 10:42:56,2024-01-12 10:59:14,1,8.19,132,265,2,33.8,0.0,37.05
1007554,2,2024-01-12 11:03:35,2024-01-12 11:13:22,1,1.37,239,143,2,10.7,0.0,14.7
1010162,1,2024-01-12 11:35:29,2024-01-12 11:48:16,,2.0,236,142,0,14.2,2.73,20.93
1010474,2,2024-01-12 11:39:00,2024-01-12 11:43:00,,0.59,166,166,0,11.74,2.65,15.89
1010837,2,2024-01-12 11:43:19,2024-01-12 11:58:53,1,0.65,100,161,1,13.5,2.0,19.5
1011218,1,2024-01-12 11:47:45,2024-01-12 12:43:03,1,6.9,37,228,1,29.5,0.0,31.0
1011719,2,2024-01-12 11:53:33,2024-01-12 11:57:42,1,1.07,236,239,1,7.2,2.24,13.44
1012270,2,2024-01-12 11:59:52,2024-01-12 12:06:48,6,0.93,141,263,1,7.9,2.38,14.28
1012545,1,2024-01-12 12:02:48,2024-01-12 12:14:49,1,1.9,263,151,1,11.4,1.0,16.4
1014761,2,2024-01-12 12:27:59,2024-01-12 12:34:38,1,0.89,237,162,1,7.9,2.98,14.88
1015366,1,2024-01-12 12:34:43,2024-01-12 12:46:27,1,1.1,237,236,1,10.7,2.0,16.7
1016078,2,2024-01-12 12:43:19,2024-01-12 12:56:22,1,1.66,246,142,1,13.5,4.38,21.88
1016288,2,2024-01-12 12:46:04,2024-01-12 12:56:53,2,1.43,114,234,1,11.4,2.77,18.17
1016308,2,2024-01-12 12:46:28,2024-01-12 12:56:08,1,0.84,161,100,1,10.0,4.2,18.2
1016721,1,2024-01-12 12:51:07,2024-01-12 12:56:17,1,0.6,143,143,2,5.8,0.0,9.8
1017581,2,2024-01-12 13:00:53,2024-01-12 13:16:38,1,2.02,142,170,2,15.6,0.0,19.6
1017625,2,2024-01-12 13:01:14,2024-01-12 13:04:07,1,0.6,79,224,1,5.1,1.82,10.92
1017849,2,2024-01-12 13:03:46,2024-01-12 13:13:00,,1.58,75,238,0,11.25,0.0,15.25
1018180,2,2024-01-12 13:07:36,2024-01-12 13:22:31,1,2.21,161,68,1,15.6,1.5,21.1
1020625,2,2024-01-12 13:35:07,2024-01-12 14:17:53,1,11.81,138,50,1,56.9,4.0,78.59
1021947,2,2024-01-12 13:48:30,2024-01-12 13:59:44,1,1.28,68,161,1,11.4,3.08,18.48
1022228,2,2024-01-12 13:51:21,2024-01-12 13:59:32,,0.89,79,107,0,11.74,3.15,18.89
1022498,1,2024-01-12 13:54:09,2024-01-12 14:06:29,1,0.9,234,100,1,11.4,3.05,18.45
1024103,2,2024-01-12 14:11:05,2024-01-12 14:28:08,1,2.56,140,48,1,17.7,3.91,25.61
1024222,2,2024-01-12 14:12:11,2024-01-12 14:26:47,1,1.78,237,143,1,14.2,3.64,21.84
1026989,2,2024-01-12 14:37:56,2024-01-12 14:51:42,1,1.99,158,144,1,14.2,3.0,22.2
1027091,2,2024-01-12 14:38:52,2024-01-12 14:53:08,1,1.74,151,143,2,14.9,0.0,18.9
1028366,2,2024-01-12 14:50:07,2024-01-12 15:13:01,1,2.07,68,142,1,20.5,4.9,29.4
1028492,2,2024-01-12 14:51:18,2024-01-12 15:59:30,1,19.26,132,211,1,70.0,14.8,90.55
1030577,2,2024-01-12 15:10:00,2024-01-12 15:38:55,2,3.44,234,239,1,24.7,5.74,34.44
1032144,2,2024-01-12 15:23:43,2024-01-12 16:17:35,1,20.81,161,1,1,104.2,25.22,151.3
1033487,1,2024-01-12 15:36:21,2024-01-12 15:51:56,1,2.1,186,237,1,15.6,0.98,20.58
1034544,2,2024-01-12 15:46:10,2024-01-12 16:09:01,1,2.69,142,137,1,21.2,6.3,31.5
1034599,1,2024-01-12 15:46:34,2024-01-12 15:50:43,,0.6,262,140,0,5.8,2.46,14.76
1035025,1,2024-01-12 15:50:48,2024-01-12 16:07:08,1,1.6,237,50,2,12.8,0.0,16.8
1035608,2,2024-01-12 15:56:09,2024-01-12 16:10:59,2,4.35,138,92,2,19.8,0.0,28.05
1036510,2,2024-01-12 16:04:09,2024-01-12 16:24:26,,6.47,243,239,0,26.88,0.0,30.88
1040228,2,2024-01-12 16:38:12,2024-01-12 16:46:11,1,1.26,211,234,1,9.3,1.0,16.8
1041917,2,2024-01-12 16:53:29,2024-01-12 16:53:31,1,0.0,264,264,1,92.0,28.05,121.55
1043786,2,2024-01-12 17:10:24,2024-01-12 17:27:19,6,1.45,246,170,1,15.6,4.42,26.52
1047329,2,2024-01-12 17:41:33,2024-01-12 17:58:55,1,2.56,43,24,1,17.7,4.0,28.2
1049677,1,2024-01-12 18:02:24,2024-01-12 18:11:44,1,1.8,163,163,1,11.4,2.0,19.9
1051100,2,2024-01-12 18:14:45,2024-01-12 18:23:42,1,1.0,113,79,1,9.3,3.16,18.96
1053804,2,2024-01-12 18:36:56,2024-01-12 18:48:43,1,2.12,170,141,1,13.5,2.0,22.0
1055310,1,2024-01-12 18:50:47,2024-01-12 19:02:34,1,1.8,262,237,1,13.5,4.0,24.0
1056396,2,2024-01-12 19:00:31,2024-01-12 19:11:05,1,0.95,230,230,1,10.7,3.44,20.64
1056531,2,2024-01-12 19:01:32,2024-01-12 19:10:53,1,1.1,164,246,1,10.0,1.0,17.5
1057378,2,2024-01-12 19:09:45,2024-01-12 19:16:48,1,1.77,13,158,1,10.7,4.3,21.5
1057905,2,2024-01-12 19:14:48,2024-01-12 19:19:13,1,0.88,162,170,1,6.5,2.6,15.6
1058721,2,2024-01-12 19:22:09,2024-01-12 19:28:42,1,0.88,162,170,1,7.9,2.88,17.28
1058760,2,2024-01-12 19:22:26,2024-01-12 19:29:11,1,0.71,161,164,1,7.9,2.88,17.28
1060223,1,2024-01-12 19:34:15,2024-01-12 19:42:41,1,1.0,107,164,1,9.3,3.15,18.95
1060382,2,2024-01-12 19:35:24,2024-01-12 19:48:31,1,1.06,164,161,1,12.8,3.86,23.16
1062773,1,2024-01-12 19:55:14,2024-01-12 19:58:05,0,0.6,231,231,1,5.8,2.15,12.95
1063108,1,2024-01-12 19:58:38,2024-01-12 20:22:09,1,2.0,230,107,1,19.8,5.0,31.3
1063577,1,2024-01-12 20:03:15,2024-01-12 20:11:52,1,1.2,141,236,1,10.0,3.0,18.0
1065529,2,2024-01-12 20:25:12,2024-01-12 20:34:17,1,1.5,230,163,1,10.7,3.14,18.84
1069299,1,2024-01-12 21:06:45,2024-01-12 21:32:57,4,2.4,113,163,2,18.4,0.0,23.4
1070477,2,2024-01-12 21:20:18,2024-01-12 21:41:06,1,4.89,170,255,1,24.7,7.33,43.97
1072621,2,2024-01-12 21:43:53,2024-01-12 21:57:02,,1.8,239,262,0,14.87,3.77,22.64
1073503,2,2024-01-12 21:52:52,2024-01-12 22:07:01,3,3.25,164,263,1,17.0,5.5,27.5
1073889,2,2024-01-12 21:56:52,2024-01-12 22:19:45,1,4.12,68,145,1,24.0,7.19,43.13
1073916,2,2024-01-12 21:57:05,2024-01-12 22:27:16,1,10.08,141,61,1,44.3,9.86,59.16
1074543,2,2024-01-12 22:03:06,2024-01-12 22:27:18,1,6.2,68,236,1,31.0,9.0,45.0
1078443,2,2024-01-12 22:37:31,2024-01-12 22:44:40,2,1.32,161,142,1,9.3,2.0,16.3
1079427,2,2024-01-12 22:46:55,2024-01-12 23:06:10,1,2.35,100,239,1,18.4,2.0,25.4
1079817,2,2024-01-12 22:50:01,2024-01-12 22:55:54,1,0.65,249,158,1,7.2,0.24,12.44
1080473,2,2024-01-12 22:56:00,2024-01-12 23:16:23,1,4.67,249,262,1,23.3,2.0,30.3
1080989,2,2024-01-12 23:00:30,2024-01-12 23:12:24,1,1.39,79,45,2,12.1,0.0,17.1
1081769,2,2024-01-12 23:07:26,2024-01-12 23:15:29,1,1.19,186,249,1,9.3,2.86,17.16
1082914,2,2024-01-12 23:17:31,2024-01-12 23:22:36,1,0.79,43,50,1,7.2,0.0,12.2
1083250,2,2024-01-12 23:20:33,2024-01-12 23:31:26,,0.68,158,211,0,10.16,0.0,14.16
1087123,2,2024-01-12 23:57:22,2024-01-13 00:04:17,2,0.8,158,158,1,7.9,2.58,15.48
1087498,1,2024-01-13 00:01:06,2024-01-13 00:08:57,0,1.0,234,170,1,7.9,4.0,16.9
1089076,2,2024-01-13 00:18:34,2024-01-13 00:21:38,2,0.68,107,137,1,5.8,1.0,11.8
1089833,2,2024-01-13 00:27:53,2024-01-13 00:35:40,1,1.27,263,239,1,9.3,0.0,14.3
1090367,2,2024-01-13 00:35:03,2024-01-13 00:43:28,1,1.3,68,158,1,9.3,2.86,17.16
1092345,2,2024-01-13 01:04:27,2024-01-13 01:12:01,1,1.34,236,238,1,9.3,1.0,15.3
1092564,2,2024-01-13 01:07:59,2024-01-13 01:25:36,,8.06,232,7,0,37.79,0.0,41.79
1092820,2,2024-01-13 01:11:57,2024-01-13 01:28:23,2,3.6,107,262,1,19.1,2.0,26.1
1093845,2,2024-01-13 01:29:58,2024-01-13 01:46:48,1,2.02,158,114,1,15.6,4.12,24.72
1097329,2,2024-01-13 02:37:09,2024-01-13 02:41:38,,1.23,113,231,0,9.25,0.0,13.25
1098382,2,2024-01-13 03:04:52,2024-01-13 03:08:22,4,0.35,230,48,4,5.1,0.0,10.1
1100450,2,2024-01-13 05:19:32,2024-01-13 05:31:28,1,8.02,132,93,2,-31.0,0.0,-37.75
1102779,2,2024-01-13 08:11:09,2024-01-13 08:20:30,1,2.27,114,233,1,12.8,3.36,20.16
1102840,2,2024-01-13 08:13:49,2024-01-13 08:20:22,1,2.15,142,68,1,10.7,3.0,17.7
1103423,2,2024-01-13 08:33:42,2024-01-13 08:47:18,1,2.42,7,141,2,15.6,0.0,19.6
1104153,2,2024-01-13 08:53:12,2024-01-13 08:57:43,1,0.88,75,236,2,7.2,0.0,11.2
1104436,2,2024-01-13 08:59:35,2024-01-13 09:14:21,1,2.67,239,237,1,15.6,3.92,23.52
1105488,1,2024-01-13 09:25:36,2024-01-13 09:32:32,3,1.2,143,239,1,9.3,1.5,14.8
1106105,2,2024-01-13 09:39:12,2024-01-13 09:53:53,1,3.21,114,237,1,17.7,4.34,26.04
1106925,2,2024-01-13 09:52:49,2024-01-13 10:28:05,1,19.66,238,132,1,70.0,16.19,97.13
1107654,2,2024-01-13 10:05:40,2024-01-13 10:16:33,1,2.37,230,158,1,13.5,2.62,20.12
1108020,2,2024-01-13 10:12:43,2024-01-13 10:15:38,1,0.3,230,161,1,5.1,1.82,10.92
1108044,2,2024-01-13 10:13:03,2024-01-13 10:23:36,1,2.15,143,170,1,12.8,3.36,20.16
1108840,2,2024-01-13 10:27:00,2024-01-13 10:32:50,1,1.72,142,68,1,9.3,2.66,15.96
1113617,2,2024-01-13 11:35:54,2024-01-13 11:42:31,1,1.54,261,158,1,9.3,0.0,13.3
1114553,2,2024-01-13 11:46:49,2024-01-13 12:24:34,2,18.31,132,43,1,70.0,7.0,89.69
1114707,2,2024-01-13 11:48:48,2024-01-13 12:05:09,1,3.59,143,42,1,19.1,3.0,26.1
1116101,1,2024-01-13 12:04:18,2024-01-13 12:55:16,1,18.5,132,50,1,70.0,15.0,97.69
1116824,1,2024-01-13 12:12:25,2024-01-13 12:30:59,1,3.1,142,141,1,19.8,3.2,27.0
1117454,2,2024-01-13 12:17:39,2024-01-13 12:26:36,1,1.59,113,246,1,10.7,1.0,15.7
1117682,2,2024-01-13 12:19:09,2024-01-13 12:31:30,1,2.2,161,107,2,14.2,0.0,18.2
1118045,2,2024-01-13 12:22:17,2024-01-13 12:34:47,1,1.3,79,249,2,12.1,0.0,16.1
1118813,2,2024-01-13 12:30:09,2024-01-13 12:43:15,1,2.3,263,162,1,14.2,3.64,21.84
1119642,2,2024-01-13 12:38:07,2024-01-13 12:47:16,2,0.87,68,230,1,10.0,0.0,14.0
1120747,2,2024-01-13 12:47:07,2024-01-13 13:11:12,1,5.75,75,90,1,29.6,6.72,40.32
1127967,2,2024-01-13 14:00:00,2024-01-13 14:13:00,,41123.32,238,236,0,14.57,0.0,18.57
1129096,2,2024-01-13 14:11:29,2024-01-13 14:23:23,1,1.75,230,246,1,12.8,4.2,21.0
1130443,2,2024-01-13 14:25:41,2024-01-13 14:31:59,1,1.15,151,239,1,8.6,2.52,15.12
1130758,2,2024-01-13 14:29:00,2024-01-13 14:33:15,2,0.61,161,161,1,5.8,1.0,10.8
1131222,2,2024-01-13 14:34:11,2024-01-13 14:40:15,1,0.86,43,142,1,7.2,1.68,12.88
1131649,2,2024-01-13 14:38:21,2024-01-13 15:20:58,1,9.48,138,230,1,49.2,13.03,79.92
1133231,2,2024-01-13 14:54:21,2024-01-13 15:10:42,1,3.57,237,41,1,18.4,1.0,23.4
1133288,2,2024-01-13 14:54:54,2024-01-13 14:55:05,1,0.01,163,163,2,70.0,0.0,74.0
1137739,2,2024-01-13 15:39:26,2024-01-13 16:01:51,1,6.23,12,161,1,31.0,7.0,42.0
1138644,2,2024-01-13 15:47:15,2024-01-13 16:17:05,1,3.33,68,231,1,27.5,0.0,31.5
1142413,2,2024-01-13 16:19:22,2024-01-13 16:32:40,2,0.82,246,48,1,12.1,3.22,19.32
1146348,1,2024-01-13 16:53:16,2024-01-13 17:10:50,0,3.1,224,237,1,18.4,6.7,29.1
1146507,2,2024-01-13 16:54:35,2024-01-13 17:21:44,2,3.06,144,161,4,24.0,0.0,28.0
1147918,2,2024-01-13 17:07:13,2024-01-13 17:28:12,1,3.26,246,13,1,20.5,3.0,27.5
1147981,2,2024-01-13 17:07:45,2024-01-13 17:12:15,1,0.5,239,143,1,6.5,2.62,13.12
1148430,1,2024-01-13 17:11:45,2024-01-13 17:20:47,1,1.0,68,249,1,9.3,2.65,15.95
1148664,2,2024-01-13 17:13:38,2024-01-13 17:39:08,1,3.49,230,231,1,24.0,5.6,33.6
1150310,2,2024-01-13 17:28:13,2024-01-13 17:35:35,1,1.07,236,262,1,8.6,2.52,15.12
1150946,1,2024-01-13 17:33:50,2024-01-13 17:52:44,1,2.8,161,262,1,19.1,5.1,30.7
1152519,2,2024-01-13 17:45:44,2024-01-13 18:04:19,2,2.54,68,231,1,19.1,4.62,27.72
1154216,2,2024-01-13 17:58:59,2024-01-13 18:14:49,1,1.6,142,162,1,14.2,3.64,21.84
1155463,2,2024-01-13 18:08:49,2024-01-13 18:12:55,1,0.74,142,230,1,6.5,2.1,12.6
1156026,2,2024-01-13 18:13:28,2024-01-13 18:23:32,2,1.11,161,142,1,10.7,2.94,17.64
1156987,2,2024-01-13 18:21:06,2024-01-13 18:28:44,1,0.34,186,164,1,7.9,2.38,14.28
1157121,2,2024-01-13 18:22:12,2024-01-13 18:28:44,1,0.98,107,90,1,7.9,2.38,14.28
1160238,2,2024-01-13 18:47:33,2024-01-13 19:03:11,1,1.29,246,230,1,14.2,3.64,21.84
1160826,1,2024-01-13 18:52:04,2024-01-13 19:23:09,1,9.4,236,125,1,39.4,10.85,54.25
1161739,2,2024-01-13 18:58:59,2024-01-13 19:02:56,1,0.81,141,263,1,6.5,3.0,13.5
1161864,1,2024-01-13 18:59:58,2024-01-13 19:18:51,1,1.5,100,142,1,17.0,4.2,25.2
1162074,2,2024-01-13 19:01:40,2024-01-13 19:11:50,4,2.18,161,236,1,12.1,3.22,19.32
1165735,2,2024-01-13 19:31:32,2024-01-13 19:47:13,1,1.43,234,161,1,14.2,4.55,22.75
1166552,2,2024-01-13 19:38:57,2024-01-13 19:55:02,2,1.46,246,170,1,14.9,2.0,20.9
1169566,2,2024-01-13 20:09:44,2024-01-13 20:14:07,2,0.61,143,142,2,6.5,0.0,11.5
1169763,2,2024-01-13 20:12:00,2024-01-13 20:27:59,2,2.73,231,25,1,17.0,3.0,25.0
1169836,1,2024-01-13 20:12:53,2024-01-13 20:26:12,1,0.7,234,107,1,11.4,2.0,18.4
1170773,2,2024-01-13 20:23:06,2024-01-13 20:44:53,1,2.62,170,114,1,19.8,4.96,29.76
1171492,2,2024-01-13 20:31:22,2024-01-13 20:37:06,1,0.95,164,90,1,7.9,2.58,15.48
1173900,1,2024-01-13 20:56:06,2024-01-13 21:07:40,0,1.1,249,114,1,11.4,1.0,17.4
1173934,2,2024-01-13 20:56:28,2024-01-13 21:08:57,1,2.63,237,239,2,14.9,0.0,19.9
1173963,2,2024-01-13 20:56:41,2024-01-13 21:02:06,2,0.84,163,48,1,7.2,1.0,13.2
1176051,1,2024-01-13 21:19:59,2024-01-13 21:47:44,1,12.1,132,252,2,60.0,0.0,62.75
1178003,2,2024-01-13 21:41:11,2024-01-13 21:53:19,2,1.6,246,107,1,12.1,3.42,20.52
1178216,2,2024-01-13 21:43:18,2024-01-13 21:53:13,3,0.98,114,211,1,10.7,3.14,18.84
1178289,2,2024-01-13 21:43:51,2024-01-13 21:53:37,1,1.58,170,141,1,10.7,3.14,18.84
1178823,2,2024-01-13 21:48:50,2024-01-13 22:03:41,1,2.31,162,263,1,15.6,6.18,26.78
1179600,2,2024-01-13 21:56:35,2024-01-13 22:03:57,1,1.08,142,143,2,8.6,0.0,13.6
1179858,2,2024-01-13 21:59:00,2024-01-13 22:17:46,1,2.72,237,262,1,18.4,7.02,30.42
1181759,2,2024-01-13 22:17:44,2024-01-13 22:21:13,1,0.63,234,186,1,5.8,2.16,12.96
1183553,2,2024-01-13 22:36:13,2024-01-13 22:54:34,2,2.49,164,224,1,17.7,4.54,27.24
1184137,2,2024-01-13 22:41:52,2024-01-13 22:55:07,2,2.03,48,239,1,14.2,2.0,21.2
1184827,1,2024-01-13 22:48:40,2024-01-13 23:06:38,3,3.5,142,263,1,17.7,1.0,23.7
1185065,2,2024-01-13 22:50:46,2024-01-13 23:05:44,2,1.95,142,233,1,14.9,3.98,23.88
1186870,2,2024-01-13 23:07:44,2024-01-13 23:12:33,1,1.15,237,162,1,7.2,2.44,14.64
1187617,2,2024-01-13 23:15:07,2024-01-13 23:20:46,1,0.82,186,68,1,7.2,2.44,14.64
1187809,2,2024-01-13 23:16:44,2024-01-13 23:25:13,1,1.5,249,246,1,10.7,3.92,19.62
1188976,1,2024-01-13 23:27:02,2024-01-13 23:38:20,2,1.9,90,233,1,12.8,3.55,21.35
1189363,2,2024-01-13 23:30:50,2024-01-13 23:42:59,1,2.8,164,263,1,14.9,1.0,20.9
1190630,2,2024-01-13 23:43:34,2024-01-13 23:53:58,1,1.75,114,164,4,12.1,0.0,17.1
1192773,2,2024-01-14 00:06:38,2024-01-14 00:08:00,1,0.16,249,249,2,3.7,0.0,8.7
1192789,2,2024-01-14 00:06:46,2024-01-14 00:20:18,2,2.45,114,13,1,14.9,3.98,23.88
1193042,2,2024-01-14 00:09:06,2024-01-14 00:18:35,,1.29,114,45,0,11.19,0.0,15.19
1193725,2,2024-01-14 00:16:17,2024-01-14 00:28:18,1,2.14,114,68,1,13.5,3.7,22.2
1195615,2,2024-01-14 00:36:49,2024-01-14 00:40:23,2,0.46,107,186,1,5.1,2.02,12.12
1196462,1,2024-01-14 00:46:41,2024-01-14 00:52:53,1,0.6,161,237,3,7.2,0.0,12.2
1200184,1,2024-01-14 01:35:02,2024-01-14 01:42:53,1,1.9,249,13,1,10.7,2.0,17.7
1206655,1,2024-01-14 04:06:47,2024-01-14 04:14:13,1,1.4,79,137,1,8.6,2.7,16.3
1206853,1,2024-01-14 04:14:14,2024-01-14 04:15:06,1,0.0,137,137,1,20.0,4.2,25.2
1211291,2,2024-01-14 08:51:07,2024-01-14 08:55:14,1,0.82,237,237,4,6.5,0.0,10.5
1211728,1,2024-01-14 09:03:13,2024-01-14 09:07:38,1,0.5,142,163,1,5.1,4.0,13.1
1211756,2,2024-01-14 09:04:01,2024-01-14 09:06:36,2,0.37,236,236,2,4.4,0.0,8.4
1212898,1,2024-01-14 09:32:08,2024-01-14 09:43:48,2,3.0,170,239,1,15.6,2.0,21.6
1212956,2,2024-01-14 09:33:22,2024-01-14 09:41:29,1,2.2,141,233,1,11.4,3.08,18.48
1213127,2,2024-01-14 09:36:50,2024-01-14 10:09:56,1,25.14,132,265,1,141.0,10.0,174.07
1213331,1,2024-01-14 09:40:19,2024-01-14 09:48:11,1,1.9,238,48,1,11.4,1.5,16.9
1213512,2,2024-01-14 09:43:36,2024-01-14 09:50:53,2,0.94,100,246,2,8.6,0.0,12.6
1213917,2,2024-01-14 09:50:27,2024-01-14 10:19:33,2,19.69,132,167,1,73.0,5.0,88.19
1217633,1,2024-01-14 10:47:17,2024-01-14 10:59:26,1,1.8,186,158,2,12.1,0.0,16.1
1218935,2,2024-01-14 11:03:31,2024-01-14 11:11:57,1,1.32,162,262,1,10.0,2.1,16.1
1219622,2,2024-01-14 11:12:33,2024-01-14 11:34:19,1,3.69,79,230,1,22.6,5.32,31.92
1221805,2,2024-01-14 11:40:40,2024-01-14 11:47:35,1,1.1,68,163,1,8.6,2.52,15.12
1223113,2,2024-01-14 11:56:05,2024-01-14 12:02:37,4,0.96,230,50,2,7.9,0.0,11.9
1224836,2,2024-01-14 12:16:19,2024-01-14 12:23:17,4,1.22,151,75,1,8.6,1.82,11.92
1226250,2,2024-01-14 12:33:26,2024-01-14 12:37:14,1,1.71,263,74,1,8.6,2.0,14.6
1226646,2,2024-01-14 12:37:21,2024-01-14 13:00:56,1,5.17,61,88,1,26.1,0.3,30.4
1226936,2,2024-01-14 12:40:34,2024-01-14 12:57:19,1,2.63,166,75,1,17.7,5.76,24.96
1227007,2,2024-01-14 12:41:17,2024-01-14 12:45:40,1,1.2,162,263,1,7.2,2.24,13.44
1230847,2,2024-01-14 13:18:41,2024-01-14 13:25:40,1,1.22,79,224,2,8.6,0.0,12.6
1232140,2,2024-01-14 13:32:16,2024-01-14 14:02:46,,3.63,87,186,0,30.47,0.0,34.47
1236849,2,2024-01-14 14:20:43,2024-01-14 14:41:21,1,1.23,48,161,1,17.0,4.2,25.2
1238140,2,2024-01-14 14:34:03,2024-01-14 14:46:21,1,0.88,170,48,1,11.4,3.08,18.48
1239809,1,2024-01-14 14:50:43,2024-01-14 15:18:13,1,4.4,74,167,2,27.5,0.0,29.0
1241403,2,2024-01-14 15:08:08,2024-01-14 15:20:11,1,2.07,161,236,1,13.5,3.5,21.0
1241689,2,2024-01-14 15:11:25,2024-01-14 15:16:24,1,0.96,230,246,2,7.2,0.0,11.2
1246809,2,2024-01-14 16:06:13,2024-01-14 16:14:56,1,1.37,237,161,1,10.7,2.94,17.64
1249276,2,2024-01-14 16:29:56,2024-01-14 16:44:10,1,1.64,246,234,1,13.5,3.0,20.5
1249427,2,2024-01-14 16:31:24,2024-01-14 16:53:02,1,11.95,132,138,1,45.0,1.0,54.25
1249790,2,2024-01-14 16:34:58,2024-01-14 16:48:37,1,1.61,68,50,1,13.5,4.38,21.88
1249869,1,2024-01-14 16:35:35,2024-01-14 16:44:25,0,1.4,237,263,1,9.3,3.3,16.6
1250453,1,2024-01-14 16:41:05,2024-01-14 16:52:18,1,1.1,239,48,2,11.4,0.0,17.9
1252731,1,2024-01-14 17:02:40,2024-01-14 17:55:36,1,4.6,77,216,1,24.5,0.0,26.0
1252997,2,2024-01-14 17:05:10,2024-01-14 17:16:49,1,1.38,236,237,1,11.4,3.08,18.48
1253154,2,2024-01-14 17:06:39,2024-01-14 17:09:32,1,0.59,141,262,1,5.8,1.96,11.76
1253805,2,2024-01-14 17:13:05,2024-01-14 17:29:03,2,0.62,68,50,1,14.2,3.64,21.84
1255056,2,2024-01-14 17:25:04,2024-01-14 17:34:23,1,0.81,50,246,1,10.0,2.8,16.8
1255647,2,2024-01-14 17:30:56,2024-01-14 17:37:11,1,1.33,151,239,1,8.6,2.52,15.12
1256769,2,2024-01-14 17:41:54,2024-01-14 17:56:22,1,2.26,164,237,1,14.9,3.78,22.68
1256831,1,2024-01-14 17:42:31,2024-01-14 17:49:59,1,0.9,24,238,1,7.9,1.25,10.65
1256969,2,2024-01-14 17:43:44,2024-01-14 18:35:47,2,17.25,170,132,1,70.0,0.0,80.94
1257011,1,2024-01-14 17:44:17,2024-01-14 18:00:40,2,0.7,186,264,1,14.2,3.6,21.8
1257833,2,2024-01-14 17:52:11,2024-01-14 17:56:34,1,0.69,143,239,1,6.5,1.5,12.0
1263302,1,2024-01-14 18:46:12,2024-01-14 18:59:47,1,2.4,170,263,1,14.2,3.65,21.85
1264169,1,2024-01-14 18:55:42,2024-01-14 19:04:37,1,1.2,125,113,1,10.0,2.8,16.8
1268204,1,2024-01-14 19:43:29,2024-01-14 19:50:21,1,1.3,263,229,1,7.9,2.4,14.3
1269111,2,2024-01-14 19:53:03,2024-01-14 20:07:43,1,1.94,186,229,1,14.9,3.78,22.68
1270258,1,2024-01-14 20:06:55,2024-01-14 20:21:58,,0.0,148,170,0,20.01,0.0,24.01
1270848,2,2024-01-14 20:14:41,2024-01-14 20:28:44,4,3.18,163,158,1,18.4,0.0,23.4
1272456,1,2024-01-14 20:36:46,2024-01-14 20:40:59,,0.5,234,90,0,5.8,2.16,12.96
1273295,2,2024-01-14 20:48:59,2024-01-14 21:08:31,1,6.63,246,152,1,29.6,2.0,36.6
1274254,2,2024-01-14 21:01:22,2024-01-14 21:36:38,1,6.89,262,223,2,36.6,0.0,41.6
1279300,2,2024-01-14 22:12:14,2024-01-14 22:26:39,2,2.29,249,230,1,14.9,3.98,23.88
1280055,2,2024-01-14 22:23:42,2024-01-14 22:44:41,1,3.27,48,236,1,21.9,5.38,32.28
1282483,2,2024-01-14 23:00:45,2024-01-14 23:21:13,2,5.17,90,151,1,26.1,2.5,33.6
1282923,1,2024-01-14 23:06:48,2024-01-14 23:17:15,2,2.5,230,140,1,13.5,3.7,22.2
1284504,2,2024-01-14 23:27:33,2024-01-14 23:47:34,1,11.96,138,100,1,46.4,12.67,77.76
1284932,2,2024-01-14 23:33:36,2024-01-14 23:47:03,,3.42,25,125,0,21.03,0.0,25.03
1287993,1,2024-01-15 00:33:35,2024-01-15 00:50:04,1,9.2,138,229,1,35.9,8.19,62.78
1289288,2,2024-01-15 01:23:53,2024-01-15 01:30:35,1,1.08,142,143,1,8.6,2.0,15.6
1290085,1,2024-01-15 02:13:03,2024-01-15 02:13:46,1,0.2,263,263,2,3.7,0.0,8.7
1291881,2,2024-01-15 05:56:36,2024-01-15 06:06:37,1,2.7,238,50,2,14.2,0.0,18.2
1294695,1,2024-01-15 08:16:12,2024-01-15 08:26:21,1,3.5,224,87,1,15.6,5.85,25.45
1296287,2,2024-01-15 08:53:24,2024-01-15 09:21:19,2,17.8,230,138,1,68.1,0.0,84.04
1297345,2,2024-01-15 09:16:13,2024-01-15 09:16:25,1,0.0,193,193,3,-3.0,0.0,-4.5
1297509,1,2024-01-15 09:19:26,2024-01-15 09:28:00,1,0.6,100,48,1,7.9,2.4,14.3
1300852,2,2024-01-15 10:19:02,2024-01-15 10:48:39,1,10.08,68,138,1,45.7,9.0,70.64
1301446,2,2024-01-15 10:28:08,2024-01-15 10:48:31,1,11.35,161,138,1,44.3,12.05,72.29
1301845,2,2024-01-15 10:34:32,2024-01-15 10:42:16,1,2.27,236,74,2,12.1,0.0,16.1
1302085,2,2024-01-15 10:38:25,2024-01-15 10:51:06,1,2.65,234,43,1,15.6,3.92,23.52
1304922,2,2024-01-15 11:19:16,2024-01-15 11:38:47,1,3.69,249,237,2,21.2,0.0,25.2
1305333,1,2024-01-15 11:25:07,2024-01-15 11:44:49,1,2.5,114,68,1,19.1,4.6,27.7
1305918,2,2024-01-15 11:33:38,2024-01-15 11:34:03,1,0.0,229,162,2,3.0,0.0,7.0
1306704,1,2024-01-15 11:44:05,2024-01-15 11:57:20,1,2.7,230,151,1,15.6,4.9,24.5
1307445,1,2024-01-15 11:52:22,2024-01-15 12:13:25,3,11.5,161,138,1,45.0,12.15,73.09
1309766,2,2024-01-15 12:18:15,2024-01-15 12:36:58,1,3.79,170,238,1,21.2,5.04,30.24
1311457,1,2024-01-15 12:39:35,2024-01-15 12:49:03,1,1.3,163,237,1,10.0,2.8,16.8
1312708,2,2024-01-15 12:53:42,2024-01-15 13:00:31,1,0.94,237,229,1,8.6,1.89,14.49
1314421,1,2024-01-15 13:14:10,2024-01-15 13:24:47,2,2.2,161,90,1,12.8,2.52,19.32
1314928,1,2024-01-15 13:19:50,2024-01-15 13:32:33,4,1.3,261,114,1,12.1,4.0,20.1
1316994,2,2024-01-15 13:42:00,2024-01-15 13:46:37,2,0.73,236,237,1,6.5,2.1,12.6
1318068,2,2024-01-15 13:53:11,2024-01-15 13:59:43,1,1.11,48,161,1,7.9,2.38,14.28
1320092,2,2024-01-15 14:14:16,2024-01-15 14:49:52,1,10.31,138,234,1,45.7,18.49,81.88
1320717,2,2024-01-15 14:20:48,2024-01-15 14:44:34,1,3.93,239,113,1,24.0,5.6,33.6
1320718,1,2024-01-15 14:20:49,2024-01-15 14:32:28,0,1.8,164,237,1,12.8,3.35,20.15
1321035,2,2024-01-15 14:24:01,2024-01-15 14:29:02,2,1.07,75,238,1,7.9,1.5,13.4
1321489,2,2024-01-15 14:29:24,2024-01-15 14:35:46,1,0.0,238,143,1,7.2,2.24,13.44
1321716,2,2024-01-15 14:31:39,2024-01-15 14:41:18,1,1.67,125,234,1,10.7,2.94,17.64
1322974,1,2024-01-15 14:43:29,2024-01-15 15:37:17,1,18.5,132,232,1,70.0,10.0,85.75
1324416,1,2024-01-15 14:57:14,2024-01-15 15:02:23,1,0.6,236,263,1,7.2,2.2,13.4
1325704,2,2024-01-15 15:10:37,2024-01-15 15:19:12,3,0.53,90,186,2,8.6,0.0,12.6
1325887,2,2024-01-15 15:12:32,2024-01-15 15:31:50,1,3.19,107,263,1,19.8,4.76,28.56
1327240,2,2024-01-15 15:26:59,2024-01-15 15:56:35,1,9.04,70,161,1,40.1,11.21,69.0
1328696,1,2024-01-15 15:42:05,2024-01-15 15:50:53,1,1.5,140,142,1,10.0,2.8,16.8
1329114,1,2024-01-15 15:46:13,2024-01-15 16:03:08,1,2.2,237,137,1,14.9,3.78,22.68
1330094,2,2024-01-15 15:56:17,2024-01-15 16:24:29,1,3.64,162,75,2,26.1,0.0,30.1
1330488,2,2024-01-15 16:00:11,2024-01-15 16:11:12,1,1.37,229,140,1,11.4,2.0,17.4
1333469,2,2024-01-15 16:31:35,2024-01-15 17:03:19,1,6.45,170,54,1,33.1,3.71,40.81
1334470,1,2024-01-15 16:42:27,2024-01-15 16:51:08,2,1.3,237,264,1,10.0,2.0,16.0
1335600,2,2024-01-15 16:53:49,2024-01-15 16:56:56,1,0.55,170,170,4,5.1,0.0,9.1
1336842,2,2024-01-15 17:07:20,2024-01-15 17:52:27,2,16.27,132,170,1,70.0,10.0,92.69
1337192,2,2024-01-15 17:10:54,2024-01-15 17:19:14,1,1.24,107,170,2,10.0,0.0,14.0
1341868,1,2024-01-15 17:59:50,2024-01-15 18:13:41,1,2.3,163,238,1,13.5,3.5,21.0
1343126,2,2024-01-15 18:12:32,2024-01-15 18:33:54,1,10.12,138,229,1,40.1,10.4,68.19
1347016,2,2024-01-15 18:58:12,2024-01-15 19:09:23,1,1.44,186,162,1,11.4,3.08,18.48
1347750,2,2024-01-15 19:07:14,2024-01-15 19:20:34,2,2.21,100,246,1,14.2,3.64,21.84
1348421,2,2024-01-15 19:15:23,2024-01-15 19:34:55,3,2.47,246,144,1,18.4,4.48,26.88
1350290,2,2024-01-15 19:41:07,2024-01-15 19:50:32,6,1.65,236,161,1,12.1,3.22,19.32
1351927,2,2024-01-15 20:03:16,2024-01-15 20:09:49,1,2.1,140,170,1,11.4,3.28,19.68
1354850,2,2024-01-15 20:49:22,2024-01-15 21:06:14,1,3.44,249,237,1,18.4,4.68,28.08
1355586,2,2024-01-15 21:02:25,2024-01-15 21:05:53,1,0.86,230,142,1,6.5,2.3,13.8
1358771,2,2024-01-15 21:59:23,2024-01-15 22:35:49,2,17.85,132,162,1,70.0,7.58,83.33
1359147,2,2024-01-15 22:06:36,2024-01-15 22:15:03,1,1.48,68,43,1,10.0,4.5,19.5
1360654,2,2024-01-15 22:38:58,2024-01-15 22:44:29,2,0.98,79,114,1,7.9,3.0,15.9
1361143,2,2024-01-15 22:50:00,2024-01-15 22:55:16,2,0.81,230,186,1,7.2,2.44,14.64
1362058,2,2024-01-15 23:12:22,2024-01-15 23:20:49,1,2.12,141,143,1,12.1,2.5,19.6
1362922,2,2024-01-15 23:38:40,2024-01-15 23:43:52,1,0.87,230,230,2,7.2,0.0,12.2
1364634,2,2024-01-16 00:45:51,2024-01-16 00:49:40,1,0.91,48,100,2,6.5,0.0,11.5
1365533,2,2024-01-16 01:51:11,2024-01-16 02:27:51,1,12.1,132,189,1,51.3,10.76,66.31
1365839,2,2024-01-16 02:34:17,2024-01-16 02:52:20,1,7.88,132,77,2,32.4,0.0,36.65
1366396,2,2024-01-16 04:57:41,2024-01-16 04:58:41,2,0.27,100,186,1,3.7,1.74,10.44
1367818,1,2024-01-16 06:35:43,2024-01-16 06:46:34,1,2.5,239,162,1,14.2,3.6,21.8
1368283,2,2024-01-16 06:48:21,2024-01-16 07:43:50,1,15.67,132,80,1,64.6,0.0,66.1
1368453,2,2024-01-16 06:52:15,2024-01-16 06:56:34,,1.06,114,211,0,14.08,0.0,18.08
1369815,2,2024-01-16 07:21:42,2024-01-16 07:29:19,1,1.55,141,162,1,10.0,1.0,15.0
1369833,1,2024-01-16 07:22:06,2024-01-16 07:26:52,,1.2,238,166,0,10.96,0.0,14.96
1369925,1,2024-01-16 07:23:37,2024-01-16 07:34:29,1,2.0,262,238,1,12.8,3.35,20.15
1370052,2,2024-01-16 07:26:00,2024-01-16 07:37:45,3,1.85,237,238,1,12.8,1.0,17.8
1371272,1,2024-01-16 07:45:24,2024-01-16 07:52:28,1,0.8,140,237,1,7.2,2.2,13.4
1371298,2,2024-01-16 07:45:46,2024-01-16 07:53:49,,1.11,170,68,0,10.75,0.0,14.75
1373130,2,2024-01-16 08:11:04,2024-01-16 08:29:56,1,1.17,141,161,1,16.3,4.06,24.36
1373228,2,2024-01-16 08:12:17,2024-01-16 08:14:08,1,0.26,262,262,1,4.4,2.52,10.92
1373330,2,2024-01-16 08:13:47,2024-01-16 08:31:43,1,2.0,161,68,1,17.0,4.2,25.2
1375452,2,2024-01-16 08:40:39,2024-01-16 08:52:00,2,0.55,40,52,1,10.7,2.44,14.64
1376263,2,2024-01-16 08:50:34,2024-01-16 09:02:37,1,2.68,166,143,1,14.9,2.1,21.0
1376987,1,2024-01-16 09:00:30,2024-01-16 09:07:52,1,1.3,236,43,1,9.3,2.65,15.95
1379668,1,2024-01-16 09:36:50,2024-01-16 09:59:53,1,4.3,13,50,1,24.7,5.7,34.4
1380651,1,2024-01-16 09:49:27,2024-01-16 10:52:31,1,10.0,138,163,1,63.2,9.71,90.6
1381892,2,2024-01-16 10:05:38,2024-01-16 10:40:47,1,4.47,48,144,1,30.3,6.86,41.16
1385618,2,2024-01-16 10:54:09,2024-01-16 11:06:57,1,0.68,246,186,2,12.1,0.0,16.1
1388996,1,2024-01-16 11:37:20,2024-01-16 11:58:03,1,2.7,263,43,1,17.7,3.0,24.7
1389799,2,2024-01-16 11:47:45,2024-01-16 12:13:52,1,1.39,143,237,1,21.9,5.18,31.08
1390804,2,2024-01-16 12:01:08,2024-01-16 12:03:41,1,0.44,239,143,1,5.1,1.82,10.92
1391101,2,2024-01-16 12:05:04,2024-01-16 12:18:01,1,2.1,140,236,2,13.5,0.0,17.5
1394948,2,2024-01-16 12:51:49,2024-01-16 13:05:29,1,1.21,162,170,1,13.5,3.5,21.0
1396109,1,2024-01-16 13:05:38,2024-01-16 13:11:55,0,0.4,230,161,1,7.2,0.0,11.2
1397741,1,2024-01-16 13:25:37,2024-01-16 13:38:01,1,1.1,237,236,1,12.1,0.0,16.1
1398772,1,2024-01-16 13:37:14,2024-01-16 13:54:34,2,2.7,68,161,1,17.7,4.3,26.0
1400215,1,2024-01-16 13:52:05,2024-01-16 13:57:02,1,0.4,263,140,1,5.8,1.47,11.27
1402774,2,2024-01-16 14:18:40,2024-01-16 14:26:09,2,0.71,161,164,2,7.9,0.0,11.9
1404310,2,2024-01-16 14:34:41,2024-01-16 14:46:07,2,1.22,230,161,1,11.4,3.0,18.4
1404659,2,2024-01-16 14:38:16,2024-01-16 14:43:21,2,0.88,234,186,1,7.2,0.0,11.2
1404874,2,2024-01-16 14:40:27,2024-01-16 14:41:33,1,0.21,246,246,1,3.7,1.54,9.24
1407890,2,2024-01-16 15:09:12,2024-01-16 15:17:59,2,0.92,141,263,1,9.3,2.66,15.96
1408885,2,2024-01-16 15:18:55,2024-01-16 15:23:53,1,1.25,138,70,1,7.9,2.88,19.03
1412402,2,2024-01-16 15:54:06,2024-01-16 16:00:10,1,1.26,151,142,1,8.6,2.52,15.12
1413918,2,2024-01-16 16:09:11,2024-01-16 16:16:26,2,1.06,186,48,2,9.3,0.0,15.8
1417084,2,2024-01-16 16:39:31,2024-01-16 17:12:45,2,9.69,132,160,1,42.9,9.38,58.03
1417919,2,2024-01-16 16:47:53,2024-01-16 17:05:32,1,5.02,25,255,2,24.7,0.0,28.7
1417943,1,2024-01-16 16:48:10,2024-01-16 16:52:24,1,0.5,100,100,1,5.8,2.45,14.75
1421410,2,2024-01-16 17:19:06,2024-01-16 17:21:44,2,0.36,140,140,1,4.4,2.0,12.9
1423016,1,2024-01-16 17:33:10,2024-01-16 17:45:34,1,1.2,230,164,1,11.4,3.6,21.5
1424437,1,2024-01-16 17:45:35,2024-01-16 17:49:29,2,0.6,249,234,1,5.8,1.0,13.3
1424596,2,2024-01-16 17:47:01,2024-01-16 17:55:29,1,1.05,161,234,2,9.3,0.0,15.8
1426964,2,2024-01-16 18:07:14,2024-01-16 18:21:13,1,3.01,75,42,1,16.3,0.0,20.3
1429238,2,2024-01-16 18:26:29,2024-01-16 18:36:16,1,1.09,237,163,1,10.7,3.44,20.64
1430300,2,2024-01-16 18:35:48,2024-01-16 18:53:48,2,2.65,186,161,2,17.0,0.0,23.5
1431003,2,2024-01-16 18:41:49,2024-01-16 18:47:11,2,0.88,246,90,1,7.2,1.0,14.7
1431449,2,2024-01-16 18:45:47,2024-01-16 18:59:09,1,2.81,107,140,1,15.6,4.42,26.52
1431928,2,2024-01-16 18:49:49,2024-01-16 19:01:37,2,1.59,162,237,1,12.8,3.86,23.16
1432894,2,2024-01-16 18:58:59,2024-01-16 19:05:14,1,0.64,161,233,1,7.2,0.0,13.7
1432910,2,2024-01-16 18:59:10,2024-01-16 19:03:40,1,0.64,68,246,1,6.5,2.6,15.6
1434016,2,2024-01-16 19:10:09,2024-01-16 19:15:10,1,1.35,137,229,1,7.9,2.88,17.28
1435781,1,2024-01-16 19:28:15,2024-01-16 19:38:39,1,2.5,107,141,1,13.5,1.0,21.0
1437367,2,2024-01-16 19:45:06,2024-01-16 19:56:11,1,3.53,229,79,1,17.7,10.0,34.2
1437911,2,2024-01-16 19:50:24,2024-01-16 19:57:14,1,0.96,143,239,1,7.9,2.0,16.4
1440395,2,2024-01-16 20:17:45,2024-01-16 20:37:19,1,7.85,138,255,1,33.8,5.0,48.05
1440712,2,2024-01-16 20:21:04,2024-01-16 20:26:20,1,0.99,68,48,1,7.2,2.0,14.2
1440787,1,2024-01-16 20:21:53,2024-01-16 20:24:44,1,0.3,237,237,1,4.4,2.0,11.4
1441743,2,2024-01-16 20:32:58,2024-01-16 20:50:49,,3.54,186,263,0,21.26,0.0,25.26
1444441,2,2024-01-16 21:03:57,2024-01-16 21:10:43,2,1.7,236,142,2,10.0,0.0,15.0
1444609,2,2024-01-16 21:05:50,2024-01-16 21:11:10,2,0.89,163,230,2,7.2,0.0,12.2
1444765,2,2024-01-16 21:07:28,2024-01-16 21:12:39,2,1.0,170,107,1,7.2,2.44,14.64
1445570,1,2024-01-16 21:16:09,2024-01-16 21:25:10,1,1.6,163,233,1,11.4,4.9,21.3
1446114,2,2024-01-16 21:21:31,2024-01-16 21:42:04,2,5.07,114,263,1,24.0,5.8,34.8
1446910,2,2024-01-16 21:30:07,2024-01-16 21:46:03,3,3.2,231,170,1,17.7,4.54,27.24
1449439,2,2024-01-16 21:56:17,2024-01-16 22:02:31,2,1.06,230,142,1,7.9,3.23,16.13
1449963,2,2024-01-16 22:02:00,2024-01-16 22:04:55,,1.15,246,48,0,11.74,1.89,17.63
1450115,2,2024-01-16 22:03:41,2024-01-16 22:12:46,2,1.39,249,79,1,10.0,2.25,17.25
1453319,1,2024-01-16 22:46:55,2024-01-16 23:10:13,1,4.2,114,143,1,22.6,5.5,33.1
1453434,2,2024-01-16 22:49:03,2024-01-16 22:54:45,2,0.77,148,79,1,7.2,1.5,13.7
1454251,2,2024-01-16 23:03:00,2024-01-16 23:21:19,2,3.23,142,263,1,19.8,4.96,29.76
1454387,2,2024-01-16 23:05:41,2024-01-16 23:13:32,1,1.47,237,140,1,10.0,3.75,18.75
1455904,2,2024-01-16 23:37:49,2024-01-16 23:41:39,1,0.57,170,137,1,5.8,2.16,12.96
1457931,2,2024-01-17 00:47:23,2024-01-17 00:59:11,1,7.59,138,255,1,30.3,5.93,45.48
1462027,2,2024-01-17 06:52:03,2024-01-17 06:54:58,1,0.67,229,140,1,5.8,1.96,11.76
1462219,1,2024-01-17 06:56:55,2024-01-17 07:07:56,1,2.7,66,114,1,14.9,3.75,22.65
1462416,1,2024-01-17 07:01:14,2024-01-17 07:17:44,1,8.7,262,138,1,33.8,9.95,59.69
1463119,2,2024-01-17 07:14:42,2024-01-17 07:19:12,1,0.74,186,164,1,6.5,3.15,13.65
1463942,2,2024-01-17 07:28:40,2024-01-17 07:34:14,2,0.96,141,140,1,7.9,2.38,14.28
1464900,2,2024-01-17 07:41:19,2024-01-17 07:46:37,6,0.79,161,230,1,7.2,3.36,14.56
1472007,1,2024-01-17 08:54:49,2024-01-17 09:05:25,,0.0,157,83,0,14.8,0.0,16.3
1474788,1,2024-01-17 09:22:19,2024-01-17 09:43:07,,0.0,76,91,0,30.1,0.0,31.6
1475718,2,2024-01-17 09:32:04,2024-01-17 10:01:19,1,6.53,186,166,1,35.9,9.0,48.9
1476832,2,2024-01-17 09:44:14,2024-01-17 09:56:52,6,1.63,237,239,1,12.8,3.36,20.16
1478614,1,2024-01-17 10:03:43,2024-01-17 10:13:03,1,1.4,137,234,1,10.0,3.0,17.0
1478710,1,2024-01-17 10:04:59,2024-01-17 10:07:42,1,0.8,236,236,1,5.8,1.95,11.75
1478879,2,2024-01-17 10:06:53,2024-01-17 10:20:00,1,3.92,238,246,1,19.1,4.62,27.72
1479320,2,2024-01-17 10:11:46,2024-01-17 10:11:54,1,0.0,113,113,4,-3.0,0.0,-7.0
1480407,1,2024-01-17 10:24:06,2024-01-17 10:27:33,1,0.4,236,236,2,4.4,0.0,8.4
1482072,2,2024-01-17 10:43:07,2024-01-17 10:53:56,5,1.4,142,162,1,11.4,3.08,18.48
1483780,2,2024-01-17 11:01:18,2024-01-17 11:44:02,1,4.16,137,141,1,35.9,9.97,49.87
1485141,1,2024-01-17 11:16:15,2024-01-17 12:17:49,1,13.6,134,87,1,43.5,0.0,51.94
1485179,2,2024-01-17 11:16:45,2024-01-17 11:52:42,1,12.28,138,87,1,49.9,14.72,75.37
1487770,2,2024-01-17 11:45:16,2024-01-17 11:50:53,1,0.53,263,236,1,7.2,2.24,13.44
1488128,1,2024-01-17 11:48:28,2024-01-17 11:53:53,1,0.2,162,162,2,6.5,0.0,10.5
1488882,2,2024-01-17 11:56:16,2024-01-17 12:04:17,1,1.62,237,238,1,10.7,2.94,17.64
1489056,2,2024-01-17 11:57:49,2024-01-17 12:05:58,1,0.75,234,170,1,8.6,1.0,13.6
1489207,2,2024-01-17 11:59:09,2024-01-17 12:21:47,1,1.58,246,234,1,19.1,5.78,28.88
1490238,2,2024-01-17 12:09:50,2024-01-17 12:43:46,1,8.78,138,148,2,40.8,0.0,51.55
1491880,2,2024-01-17 12:26:39,2024-01-17 12:56:40,1,3.48,246,236,1,26.8,6.16,36.96
1492851,2,2024-01-17 12:36:40,2024-01-17 12:44:17,2,0.72,236,263,1,8.6,1.0,13.6
1493943,2,2024-01-17 12:47:45,2024-01-17 13:00:31,1,1.73,238,163,1,13.5,3.5,21.0
1496259,2,2024-01-17 13:11:10,2024-01-17 13:51:37,4,4.39,170,151,1,35.2,9.8,49.0
1496479,2,2024-01-17 13:13:24,2024-01-17 13:33:35,6,1.21,162,236,1,17.0,4.2,25.2
1496797,2,2024-01-17 13:16:57,2024-01-17 13:52:47,1,4.32,75,230,1,31.0,3.0,38.0
1498547,2,2024-01-17 13:35:55,2024-01-17 14:01:02,1,1.43,249,79,1,21.2,5.04,30.24
1499235,2,2024-01-17 13:42:58,2024-01-17 14:14:15,2,2.61,158,161,1,26.1,6.02,36.12
1500204,2,2024-01-17 13:52:46,2024-01-17 14:16:20,1,1.05,107,249,1,12.8,3.36,20.16
1502298,2,2024-01-17 14:14:21,2024-01-17 14:24:51,4,0.88,246,68,1,10.0,2.8,16.8
1505477,1,2024-01-17 14:44:26,2024-01-17 15:04:06,1,1.7,161,236,1,17.7,5.4,27.1
1505572,2,2024-01-17 14:45:24,2024-01-17 14:54:26,1,1.11,229,137,1,9.3,1.33,14.63
1507114,2,2024-01-17 14:59:32,2024-01-17 15:15:23,5,1.81,163,239,2,14.9,0.0,18.9
1509157,2,2024-01-17 15:16:32,2024-01-17 15:27:04,2,1.03,68,234,2,10.7,0.0,14.7
1509384,1,2024-01-17 15:18:18,2024-01-17 16:11:12,2,14.4,264,264,3,66.0,0.0,69.75
1511569,2,2024-01-17 15:38:00,2024-01-17 15:53:48,1,3.47,239,166,1,18.4,4.48,26.88
1512518,1,2024-01-17 15:46:15,2024-01-17 15:59:28,2,1.7,68,170,1,13.5,0.0,18.5
1512525,2,2024-01-17 15:46:19,2024-01-17 15:55:16,1,1.14,68,163,1,10.0,3.5,17.5
1513018,2,2024-01-17 15:50:32,2024-01-17 15:50:43,1,0.01,170,170,2,3.0,0.0,7.0
1513233,1,2024-01-17 15:52:20,2024-01-17 16:18:23,1,3.4,262,143,1,24.0,6.1,36.6
1515276,1,2024-01-17 16:09:25,2024-01-17 16:16:09,0,1.1,142,48,2,7.9,0.0,14.4
1517152,2,2024-01-17 16:25:33,2024-01-17 16:47:22,1,1.72,162,186,1,18.4,6.22,31.12
1517325,1,2024-01-17 16:26:59,2024-01-17 16:46:40,2,1.7,107,100,2,16.3,0.0,22.8
1519652,2,2024-01-17 16:47:41,2024-01-17 17:04:37,1,2.64,230,238,1,17.0,4.7,28.2
1519808,2,2024-01-17 16:49:07,2024-01-17 16:53:10,2,0.14,186,100,2,5.1,0.0,11.6
1523136,2,2024-01-17 17:16:29,2024-01-17 17:33:25,1,1.91,237,143,1,15.6,2.0,24.1
1524389,2,2024-01-17 17:26:02,2024-01-17 17:38:24,1,1.06,231,13,2,12.1,0.0,18.6
1525729,2,2024-01-17 17:36:22,2024-01-17 18:11:48,1,5.54,261,163,1,34.5,8.2,49.2
1526460,1,2024-01-17 17:41:39,2024-01-17 18:13:33,,0.0,236,170,0,25.06,0.0,29.06
1526747,2,2024-01-17 17:43:24,2024-01-17 17:50:34,1,0.86,142,162,1,7.9,2.88,17.28
1527036,1,2024-01-17 17:45:14,2024-01-17 18:10:24,0,3.1,43,234,1,23.3,1.0,30.8
1527501,2,2024-01-17 17:48:08,2024-01-17 17:56:45,1,1.05,186,107,1,9.3,4.74,20.54
1528260,2,2024-01-17 17:52:45,2024-01-17 17:59:09,1,0.68,186,164,1,7.9,2.88,17.28
1529063,2,2024-01-17 17:58:26,2024-01-17 18:06:02,1,1.2,79,79,1,9.3,3.16,18.96
1529774,2,2024-01-17 18:03:26,2024-01-17 18:08:38,1,0.77,233,229,1,7.2,2.74,16.44
1529789,2,2024-01-17 18:03:29,2024-01-17 18:21:16,3,1.8,113,230,2,16.3,0.0,22.8
1529915,2,2024-01-17 18:04:19,2024-01-17 18:17:33,1,1.81,162,107,1,13.5,4.0,24.0
1534133,2,2024-01-17 18:30:35,2024-01-17 18:34:58,2,0.8,170,107,1,6.5,2.6,15.6
1537070,2,2024-01-17 18:50:40,2024-01-17 18:59:54,4,1.78,237,236,1,11.4,1.5,19.4
1537744,2,2024-01-17 18:55:16,2024-01-17 19:26:05,1,3.3,141,90,1,26.8,9.99,43.29
1540940,2,2024-01-17 19:18:37,2024-01-17 19:26:52,1,1.02,161,237,1,9.3,3.16,18.96
1541648,2,2024-01-17 19:23:58,2024-01-17 19:38:42,1,1.91,161,137,1,14.2,2.0,22.7
1542431,1,2024-01-17 19:30:25,2024-01-17 19:37:43,1,1.2,239,238,1,8.6,3.0,18.1
1543327,2,2024-01-17 19:38:07,2024-01-17 19:57:00,1,2.95,164,79,1,19.1,5.12,30.72
1544944,2,2024-01-17 19:53:02,2024-01-17 20:05:04,1,5.75,132,265,1,24.7,5.74,36.19
1545248,2,2024-01-17 19:55:48,2024-01-17 20:07:59,1,2.33,161,224,1,13.5,2.0,22.0
1548792,2,2024-01-17 20:29:03,2024-01-17 20:36:17,1,1.35,68,68,1,9.3,2.86,17.16
1548869,2,2024-01-17 20:29:55,2024-01-17 20:40:49,1,2.06,142,238,1,13.5,3.7,22.2
1549325,1,2024-01-17 20:33:57,2024-01-17 20:41:49,1,1.6,163,234,1,10.7,0.79,16.49
1551660,1,2024-01-17 20:55:44,2024-01-17 21:08:50,1,1.1,163,48,2,8.6,0.0,13.6
1553045,2,2024-01-17 21:08:09,2024-01-17 21:17:35,1,1.79,237,262,1,11.4,4.1,20.5
1555801,2,2024-01-17 21:32:23,2024-01-17 21:35:25,2,0.63,237,237,2,5.1,0.0,10.1
1556400,1,2024-01-17 21:37:50,2024-01-17 21:42:51,,0.0,79,79,0,10.33,0.0,14.33
1556428,2,2024-01-17 21:38:06,2024-01-17 21:38:11,2,0.07,28,134,2,150.0,0.0,151.5
1556655,2,2024-01-17 21:40:02,2024-01-17 21:50:05,1,1.78,166,238,1,12.1,10.26,27.36
1557227,1,2024-01-17 21:45:05,2024-01-17 22:03:42,1,6.2,141,223,1,26.8,7.75,46.49
1558059,2,2024-01-17 21:52:33,2024-01-17 22:15:55,1,15.25,132,146,1,56.9,5.0,66.15
1559701,2,2024-01-17 22:07:41,2024-01-17 22:16:37,1,1.95,231,68,1,12.1,3.42,20.52
1561542,2,2024-01-17 22:24:34,2024-01-17 22:32:31,2,0.85,68,246,1,8.6,1.0,14.6
1561982,1,2024-01-17 22:28:52,2024-01-17 22:53:16,,0.0,164,88,0,28.88,0.0,32.88
1562747,1,2024-01-17 22:38:39,2024-01-17 22:53:47,0,7.6,48,244,1,30.3,7.05,42.35
1563025,2,2024-01-17 22:42:38,2024-01-17 22:51:52,1,1.58,113,164,1,11.4,3.28,19.68
1564101,2,2024-01-17 22:58:27,2024-01-17 23:06:45,1,0.8,186,164,1,8.6,2.72,16.32
1564735,2,2024-01-17 23:07:58,2024-01-17 23:17:06,2,1.38,186,230,1,10.0,5.0,20.0
1565477,1,2024-01-17 23:19:53,2024-01-17 23:25:08,2,1.4,79,137,1,8.6,2.7,16.3
1566817,1,2024-01-17 23:53:17,2024-01-18 00:15:24,1,5.4,231,236,1,26.1,6.2,37.3
1569530,2,2024-01-18 03:19:16,2024-01-18 03:23:53,1,1.31,186,161,1,7.9,2.0,14.9
1570799,2,2024-01-18 06:12:38,2024-01-18 06:36:22,1,9.21,132,92,2,38.0,0.0,41.25
1572628,2,2024-01-18 07:06:16,2024-01-18 07:09:47,1,0.48,231,231,1,5.8,1.96,11.76
1573241,1,2024-01-18 07:17:32,2024-01-18 08:03:18,1,17.7,230,132,1,70.0,7.0,87.94
1573402,2,2024-01-18 07:20:15,2024-01-18 07:45:23,1,3.15,186,140,1,23.3,5.46,32.76
1573514,2,2024-01-18 07:22:18,2024-01-18 07:27:33,1,0.0,249,234,1,6.5,2.1,12.6
1574402,2,2024-01-18 07:36:09,2024-01-18 07:41:28,1,0.72,161,50,4,7.2,0.0,11.2
1575705,1,2024-01-18 07:52:06,2024-01-18 08:19:23,,0.0,188,35,0,24.4,0.0,25.9
1576033,2,2024-01-18 07:56:11,2024-01-18 08:04:25,1,1.09,236,141,1,9.3,2.66,15.96
1577579,1,2024-01-18 08:14:17,2024-01-18 08:30:55,1,1.6,162,246,2,14.2,0.0,18.2
1581062,1,2024-01-18 08:51:51,2024-01-18 08:59:21,0,1.6,186,249,1,9.3,2.65,15.95
1581973,1,2024-01-18 09:02:04,2024-01-18 09:13:39,1,1.4,263,163,1,10.7,2.2,16.9
1587074,2,2024-01-18 09:58:53,2024-01-18 10:05:04,1,0.97,239,239,2,-7.9,0.0,-11.9
1587130,1,2024-01-18 09:59:27,2024-01-18 10:03:12,1,0.3,249,158,2,5.1,0.0,9.1
1588615,2,2024-01-18 10:15:44,2024-01-18 10:41:36,1,2.3,163,262,1,22.6,1.0,27.6
1588732,2,2024-01-18 10:16:48,2024-01-18 10:42:26,1,1.23,186,161,1,20.5,0.0,24.5
1590227,2,2024-01-18 10:33:29,2024-01-18 10:53:14,1,1.18,162,161,1,17.0,4.2,25.2
1590809,2,2024-01-18 10:40:19,2024-01-18 11:01:08,1,3.04,48,236,1,21.2,5.04,30.24
1590938,2,2024-01-18 10:41:52,2024-01-18 11:07:21,1,2.52,141,230,1,22.6,6.65,33.25
1595035,2,2024-01-18 11:29:21,2024-01-18 11:34:18,1,0.85,48,68,1,7.2,2.24,13.44
1596807,2,2024-01-18 11:47:45,2024-01-18 11:55:43,1,1.57,43,239,1,10.0,2.8,16.8
1597014,2,2024-01-18 11:49:39,2024-01-18 12:22:50,1,3.24,79,237,1,28.2,6.44,38.64
1597436,2,2024-01-18 11:53:44,2024-01-18 12:22:21,2,8.99,140,158,1,42.2,6.0,52.2
1597474,1,2024-01-18 11:54:12,2024-01-18 11:57:18,1,0.3,161,163,1,5.1,2.7,11.8
1600107,2,2024-01-18 12:21:42,2024-01-18 12:59:59,1,6.22,87,237,1,37.3,8.26,49.56
1601448,2,2024-01-18 12:35:33,2024-01-18 12:39:47,1,0.66,142,142,2,6.5,0.0,10.5
1601810,2,2024-01-18 12:39:19,2024-01-18 12:43:35,1,0.46,162,163,1,6.5,2.1,12.6
1602413,2,2024-01-18 12:45:49,2024-01-18 13:03:07,1,2.91,239,68,1,18.4,3.5,25.9
1607476,2,2024-01-18 13:40:00,2024-01-18 14:07:12,1,3.41,161,239,1,25.4,3.0,32.4
1607731,2,2024-01-18 13:42:38,2024-01-18 13:51:43,1,1.83,230,68,1,11.4,3.85,19.25
1608985,1,2024-01-18 13:54:43,2024-01-18 14:07:39,1,1.5,237,170,1,12.1,1.0,17.1
1609797,2,2024-01-18 14:02:49,2024-01-18 14:22:47,1,2.76,238,237,1,18.4,3.0,25.4
1610431,2,2024-01-18 14:09:04,2024-01-18 14:35:57,1,9.5,138,162,1,40.1,11.21,69.0
1610489,2,2024-01-18 14:09:42,2024-01-18 14:32:09,1,2.67,234,229,1,21.2,5.04,30.24
1611761,2,2024-01-18 14:21:19,2024-01-18 14:23:05,6,0.13,143,143,2,3.7,0.0,7.7
1613286,2,2024-01-18 14:36:07,2024-01-18 14:51:34,1,2.21,237,238,1,16.3,4.06,24.36
1617540,2,2024-01-18 15:15:08,2024-01-18 15:37:41,2,3.08,142,262,2,21.9,0.0,25.9
1617678,1,2024-01-18 15:16:32,2024-01-18 15:40:41,1,1.8,140,140,1,16.3,2.0,22.3
1618381,1,2024-01-18 15:22:10,2024-01-18 15:34:54,1,0.7,186,230,1,11.4,3.85,19.25
1619467,2,2024-01-18 15:32:25,2024-01-18 15:45:23,2,1.9,263,239,1,13.5,3.5,21.0
1619725,1,2024-01-18 15:34:43,2024-01-18 15:49:26,1,1.2,237,236,1,12.1,3.0,19.1
1619858,2,2024-01-18 15:35:54,2024-01-18 16:37:57,1,14.48,132,49,1,69.5,0.0,72.75
1620594,1,2024-01-18 15:42:35,2024-01-18 15:49:31,1,0.8,236,237,1,8.6,3.1,15.7
1620724,1,2024-01-18 15:43:40,2024-01-18 16:05:52,0,2.3,161,141,1,19.8,4.75,28.55
1620925,2,2024-01-18 15:45:35,2024-01-18 16:06:46,3,1.88,163,263,1,18.4,4.48,26.88
1621714,2,2024-01-18 15:52:41,2024-01-18 16:25:26,1,7.13,88,263,1,36.6,4.0,44.6
1621915,1,2024-01-18 15:54:24,2024-01-18 16:29:42,1,4.3,211,181,1,26.8,3.33,36.63
1623080,2,2024-01-18 16:04:50,2024-01-18 16:12:19,1,1.16,163,186,1,9.3,3.16,18.96
1624032,1,2024-01-18 16:13:25,2024-01-18 16:27:29,1,1.3,230,142,1,13.5,4.0,24.0
1624103,1,2024-01-18 16:14:00,2024-01-18 16:17:48,0,0.6,237,43,1,6.5,1.0,14.0
1624894,1,2024-01-18 16:21:21,2024-01-18 16:28:27,1,0.7,161,237,1,7.2,2.75,16.45
1627155,2,2024-01-18 16:42:00,2024-01-18 17:00:02,1,1.88,234,144,1,16.3,4.56,27.36
1627295,1,2024-01-18 16:43:06,2024-01-18 17:03:20,2,6.7,237,88,2,31.0,0.0,37.5
1627874,2,2024-01-18 16:48:16,2024-01-18 17:08:56,1,2.03,161,90,1,18.4,4.98,29.88
1629014,2,2024-01-18 16:57:58,2024-01-18 17:09:25,1,1.25,186,48,1,11.4,3.58,21.48
1629574,2,2024-01-18 17:02:20,2024-01-18 17:05:50,1,0.76,263,75,2,5.8,0.0,12.3
1629758,2,2024-01-18 17:03:57,2024-01-18 17:20:12,1,1.31,163,50,1,14.9,2.0,23.4
1630850,2,2024-01-18 17:12:08,2024-01-18 17:40:36,1,4.84,50,87,1,29.6,4.0,40.1
1631601,1,2024-01-18 17:18:01,2024-01-18 17:28:50,1,1.2,211,158,1,10.7,3.4,20.6
1631910,2,2024-01-18 17:20:22,2024-01-18 17:34:17,1,1.55,107,237,1,13.5,1.5,21.5
1632355,2,2024-01-18 17:23:48,2024-01-18 17:41:37,1,1.62,161,237,2,17.0,0.0,23.5
1634153,2,2024-01-18 17:37:21,2024-01-18 17:55:52,1,2.61,236,24,1,18.4,1.5,26.4
1636206,2,2024-01-18 17:53:10,2024-01-18 18:02:07,1,0.62,230,100,1,9.3,0.0,15.8
1637609,1,2024-01-18 18:03:47,2024-01-18 18:13:58,1,1.0,234,68,1,10.7,2.0,19.2
1638642,2,2024-01-18 18:11:17,2024-01-18 18:17:56,1,0.82,229,137,1,7.9,2.88,17.28
1639722,2,2024-01-18 18:18:43,2024-01-18 18:24:15,1,0.61,161,48,1,7.2,2.74,16.44
1640858,2,2024-01-18 18:26:53,2024-01-18 18:34:28,1,1.36,263,75,1,9.3,0.0,15.8
1643676,2,2024-01-18 18:46:01,2024-01-18 18:56:15,5,1.46,161,48,2,10.7,0.0,17.2
1644950,2,2024-01-18 18:54:41,2024-01-18 19:05:59,1,1.28,137,164,1,11.4,3.58,21.48
1649235,2,2024-01-18 19:25:54,2024-01-18 19:43:39,4,3.78,132,10,2,21.9,0.0,25.9
1649314,2,2024-01-18 19:26:25,2024-01-18 19:38:25,1,1.13,237,229,1,12.1,1.0,19.6
1650167,2,2024-01-18 19:33:01,2024-01-18 19:52:34,,6.33,170,42,0,26.9,0.0,30.9
1650491,2,2024-01-18 19:35:39,2024-01-18 19:42:09,1,1.11,234,114,2,7.9,0.0,14.4
1650803,2,2024-01-18 19:38:04,2024-01-18 19:56:42,1,3.16,142,249,1,19.1,5.12,30.72
1651089,2,2024-01-18 19:40:19,2024-01-18 19:59:09,2,1.77,230,249,1,16.3,3.0,25.8
1651757,1,2024-01-18 19:46:42,2024-01-18 20:15:58,1,4.3,79,239,1,25.4,6.38,38.28
1653964,2,2024-01-18 20:07:07,2024-01-18 20:15:55,1,1.25,230,186,1,10.0,3.0,18.0
1657972,2,2024-01-18 20:41:36,2024-01-18 20:55:27,,3.71,162,232,0,-0.63,0.0,3.37
1658645,2,2024-01-18 20:47:21,2024-01-18 20:55:19,3,1.09,230,186,1,9.3,2.86,17.16
1658678,2,2024-01-18 20:47:39,2024-01-18 20:54:57,1,1.71,229,236,1,10.0,3.75,18.75
1659919,2,2024-01-18 20:59:35,2024-01-18 21:02:08,1,0.49,186,68,1,5.1,2.02,12.12
1660303,1,2024-01-18 21:03:17,2024-01-18 21:09:05,1,0.9,90,249,2,7.9,0.0,12.9
1661431,1,2024-01-18 21:13:33,2024-01-18 21:29:35,1,2.7,237,90,1,14.9,5.0,24.9
1663395,2,2024-01-18 21:30:35,2024-01-18 21:42:30,1,2.32,233,90,1,14.2,3.84,23.04
1663736,1,2024-01-18 21:33:38,2024-01-18 21:41:28,2,1.8,162,107,1,10.7,3.1,18.8
1665597,2,2024-01-18 21:49:40,2024-01-18 21:53:52,1,0.74,162,161,1,6.5,2.3,13.8
1667333,2,2024-01-18 22:05:26,2024-01-18 22:29:05,1,6.97,186,42,1,33.1,2.0,40.1
1667338,2,2024-01-18 22:05:30,2024-01-18 22:28:44,1,4.05,211,237,1,24.0,5.8,34.8
1670372,2,2024-01-18 22:34:35,2024-01-18 22:57:50,2,10.05,138,239,1,41.5,9.0,69.19
1673203,2,2024-01-18 23:01:18,2024-01-18 23:10:51,,1.54,144,261,0,10.08,0.0,14.08
1673663,2,2024-01-18 23:06:25,2024-01-18 23:10:26,1,0.48,142,163,2,5.8,0.0,10.8
1675057,1,2024-01-18 23:23:26,2024-01-18 23:27:39,0,0.9,114,107,1,6.5,1.5,13.0
1676978,2,2024-01-18 23:52:17,2024-01-19 00:08:40,,5.04,186,166,0,29.01,0.0,33.01
1677760,2,2024-01-19 00:08:22,2024-01-19 00:11:44,,0.7,137,107,0,11.94,2.23,18.17
1678755,2,2024-01-19 00:36:35,2024-01-19 01:14:56,1,21.39,132,40,1,85.6,17.62,107.47
1678914,2,2024-01-19 00:41:08,2024-01-19 00:44:10,1,0.62,114,113,1,5.1,2.02,12.12
1679212,2,2024-01-19 00:51:24,2024-01-19 01:26:04,1,18.17,132,79,1,70.0,16.19,98.88
1679250,2,2024-01-19 00:52:52,2024-01-19 01:06:44,1,2.68,163,263,1,16.3,4.26,25.56
1679865,1,2024-01-19 01:18:44,2024-01-19 01:33:41,2,2.4,114,209,2,16.3,0.0,21.3
1681493,2,2024-01-19 03:13:09,2024-01-19 03:21:34,1,2.37,164,237,1,12.1,4.28,21.38
1681608,2,2024-01-19 03:30:55,2024-01-19 03:35:01,1,0.54,148,79,1,5.8,2.16,12.96
1683596,2,2024-01-19 06:40:59,2024-01-19 06:53:59,1,3.03,107,140,1,17.0,8.4,29.4
1684332,2,2024-01-19 07:04:54,2024-01-19 07:15:39,1,3.06,238,230,1,14.9,1.5,20.4
1686575,1,2024-01-19 07:51:37,2024-01-19 08:47:06,,20.7,132,239,0,70.0,12.4,95.09
1688830,2,2024-01-19 08:23:14,2024-01-19 08:38:50,1,1.82,68,170,1,14.9,3.78,22.68
1689164,2,2024-01-19 08:28:36,2024-01-19 08:31:03,2,0.26,263,263,2,4.4,0.0,8.4
1692217,1,2024-01-19 09:10:00,2024-01-19 09:19:40,1,1.1,231,144,1,10.0,2.8,16.8
1692361,2,2024-01-19 09:12:09,2024-01-19 09:17:06,1,0.84,237,161,1,7.2,1.75,12.95
1693361,1,2024-01-19 09:26:02,2024-01-19 09:31:53,1,0.6,236,236,1,6.5,2.65,13.15
1693916,1,2024-01-19 09:34:08,2024-01-19 09:40:02,1,0.5,164,170,2,7.2,0.0,11.2
1694385,2,2024-01-19 09:40:55,2024-01-19 09:56:33,2,1.3,162,164,1,14.2,3.64,21.84
1696012,2,2024-01-19 10:02:17,2024-01-19 10:14:28,1,1.65,239,236,1,12.8,3.36,20.16
1699892,2,2024-01-19 10:55:31,2024-01-19 11:17:31,2,5.04,211,141,1,27.5,6.3,37.8
1700426,2,2024-01-19 11:02:57,2024-01-19 11:11:06,1,0.9,229,141,1,8.6,1.26,13.86
1701432,1,2024-01-19 11:17:12,2024-01-19 11:43:05,1,8.9,138,151,1,38.0,10.6,63.79
1701447,2,2024-01-19 11:17:28,2024-01-19 11:35:11,1,2.6,239,238,1,17.7,2.17,23.87
1702686,2,2024-01-19 11:34:46,2024-01-19 11:39:47,1,1.0,236,239,1,7.2,2.24,13.44
1704194,2,2024-01-19 11:52:42,2024-01-19 11:56:49,1,0.65,50,164,1,6.5,1.5,12.0
1704416,2,2024-01-19 11:55:27,2024-01-19 12:05:59,1,1.37,141,75,1,11.4,3.08,18.48
1706071,2,2024-01-19 12:16:10,2024-01-19 13:14:11,3,14.29,132,231,1,70.0,14.8,90.55
1707314,2,2024-01-19 12:31:13,2024-01-19 12:50:28,1,2.97,48,43,1,19.1,3.0,26.1
1709149,2,2024-01-19 12:53:53,2024-01-19 12:58:24,2,0.62,229,162,1,6.5,2.1,12.6
1710648,1,2024-01-19 13:13:02,2024-01-19 13:22:02,1,0.9,100,163,1,8.6,2.5,15.1
1711147,2,2024-01-19 13:19:34,2024-01-19 13:32:17,1,2.31,142,68,4,14.2,0.0,18.2
1714228,2,2024-01-19 13:55:22,2024-01-19 14:41:31,1,7.33,238,129,1,43.6,9.52,57.12
1714594,1,2024-01-19 13:59:44,2024-01-19 14:19:09,1,2.5,107,48,1,17.0,2.5,23.5
1716065,2,2024-01-19 14:15:51,2024-01-19 14:34:53,1,3.17,211,33,1,19.1,3.46,26.56
1716215,2,2024-01-19 14:17:35,2024-01-19 14:33:04,2,2.21,170,142,1,15.6,3.92,23.52
1720610,1,2024-01-19 15:03:20,2024-01-19 15:31:51,,0.0,211,230,0,31.26,0.0,35.26
1720690,2,2024-01-19 15:04:19,2024-01-19 15:23:49,1,1.64,113,4,2,14.9,0.0,18.9
1721175,1,2024-01-19 15:08:56,2024-01-19 15:23:52,1,2.0,100,143,1,12.8,1.0,17.8
1721632,1,2024-01-19 15:13:29,2024-01-19 15:20:37,1,1.0,230,68,1,8.6,0.0,12.6
1723010,2,2024-01-19 15:27:39,2024-01-19 15:37:00,1,1.2,262,140,1,10.0,2.8,16.8
1723217,2,2024-01-19 15:29:54,2024-01-19 15:37:30,1,1.04,234,79,1,8.6,2.52,15.12
1723846,2,2024-01-19 15:36:40,2024-01-19 16:07:07,1,10.09,138,229,1,45.0,12.19,74.88
1724966,2,2024-01-19 15:47:58,2024-01-19 15:58:38,2,1.49,161,142,1,11.4,3.85,19.25
1726608,2,2024-01-19 16:04:57,2024-01-19 16:23:38,2,1.97,229,263,1,17.7,4.84,29.04
1728034,2,2024-01-19 16:18:35,2024-01-19 16:48:35,2,11.32,138,230,1,47.1,13.11,80.4
1729486,1,2024-01-19 16:33:57,2024-01-19 16:57:14,1,9.7,138,162,1,39.4,14.9,74.49
1730251,2,2024-01-19 16:42:06,2024-01-19 16:45:10,1,0.51,164,170,1,5.1,2.32,13.92
1731190,2,2024-01-19 16:51:25,2024-01-19 16:57:15,1,0.89,140,262,2,7.9,0.0,14.4
1732652,2,2024-01-19 17:06:14,2024-01-19 17:13:33,2,0.46,230,48,2,7.9,0.0,14.4
1734324,2,2024-01-19 17:22:03,2024-01-19 17:25:15,1,0.68,146,145,1,5.8,1.0,10.8
1734408,2,2024-01-19 17:22:46,2024-01-19 17:38:03,1,1.86,229,143,1,14.2,2.07,22.77
1735285,1,2024-01-19 17:30:52,2024-01-19 17:39:28,0,1.1,48,143,1,9.3,3.15,18.95
1735491,2,2024-01-19 17:33:02,2024-01-19 17:40:51,1,1.03,231,231,1,9.3,3.16,18.96
1738772,2,2024-01-19 18:00:44,2024-01-19 18:14:49,,2.52,263,229,0,15.35,0.0,19.35
1739655,2,2024-01-19 18:07:59,2024-01-19 18:26:35,1,5.37,164,226,1,25.4,4.0,42.84
1739913,2,2024-01-19 18:10:07,2024-01-19 18:20:17,1,2.04,231,65,1,11.4,3.58,21.48
1740262,2,2024-01-19 18:13:03,2024-01-19 18:33:44,1,6.53,161,231,1,29.6,7.22,43.32
1741329,2,2024-01-19 18:21:44,2024-01-19 18:24:13,1,0.4,164,186,1,4.4,2.18,13.08
1741415,2,2024-01-19 18:22:23,2024-01-19 18:43:19,1,3.14,50,141,1,20.5,3.0,30.0
1744734,2,2024-01-19 18:50:24,2024-01-19 18:58:33,2,0.73,113,234,1,8.6,0.0,15.1
1745339,2,2024-01-19 18:55:04,2024-01-19 19:00:31,1,0.67,143,142,1,6.5,2.6,15.6
1748961,2,2024-01-19 19:26:53,2024-01-19 19:40:08,1,1.54,163,142,1,13.5,4.0,24.0
1750312,2,2024-01-19 19:39:26,2024-01-19 19:56:41,2,2.04,170,158,1,16.3,4.56,27.36
1750368,1,2024-01-19 19:39:57,2024-01-19 20:15:16,1,6.6,236,231,1,33.1,7.9,47.5
1750751,2,2024-01-19 19:43:50,2024-01-19 19:57:50,1,2.46,237,107,1,15.6,1.5,23.6
1751585,1,2024-01-19 19:52:08,2024-01-19 20:17:33,,3.0,233,249,0,22.41,0.0,26.41
1751650,2,2024-01-19 19:52:43,2024-01-19 20:09:42,1,3.61,236,68,1,19.1,1.0,26.6
1754359,2,2024-01-19 20:22:07,2024-01-19 20:28:52,1,0.9,142,163,1,8.6,2.72,16.32
1755863,2,2024-01-19 20:40:40,2024-01-19 20:47:37,1,1.08,161,48,1,8.6,2.72,16.32
1757701,2,2024-01-19 21:03:28,2024-01-19 21:21:25,1,7.22,231,162,1,31.0,0.0,36.0
1760354,2,2024-01-19 21:34:25,2024-01-19 21:49:37,1,1.84,230,68,4,14.2,0.0,19.2
1763596,2,2024-01-19 22:09:02,2024-01-19 22:33:20,1,3.96,186,148,1,25.4,2.13,32.53
1763950,2,2024-01-19 22:12:57,2024-01-19 22:14:06,2,0.01,230,230,4,-3.7,0.0,-8.7
1764793,2,2024-01-19 22:21:40,2024-01-19 22:32:42,1,1.18,79,90,1,10.7,3.14,18.84
1765522,2,2024-01-19 22:29:56,2024-01-19 22:40:04,1,1.92,239,263,1,12.1,1.71,18.81
1766362,2,2024-01-19 22:39:29,2024-01-19 23:16:32,1,19.02,132,232,1,70.0,14.8,90.55
1767361,2,2024-01-19 22:51:10,2024-01-19 23:01:17,1,1.83,162,142,1,12.1,3.42,20.52
1770443,1,2024-01-19 23:24:34,2024-01-19 23:31:31,1,1.0,230,237,2,7.9,0.0,12.9
1771682,1,2024-01-19 23:38:45,2024-01-20 00:00:14,,3.8,87,68,0,22.82,0.0,26.82
1772206,2,2024-01-19 23:45:17,2024-01-19 23:56:10,2,1.72,148,249,1,12.1,3.42,20.52
1773452,2,2024-01-20 00:01:42,2024-01-20 00:25:26,2,4.04,211,43,1,23.3,5.66,33.96
1774074,1,2024-01-20 00:08:27,2024-01-20 00:19:12,,0.0,158,164,0,15.81,0.0,19.81
1775252,2,2024-01-20 00:21:51,2024-01-20 00:30:55,2,1.46,79,107,1,10.7,3.14,18.84
1775690,2,2024-01-20 00:26:35,2024-01-20 00:37:48,1,3.95,79,262,1,17.0,4.4,26.4
1776567,1,2024-01-20 00:36:44,2024-01-20 00:46:21,2,1.1,114,158,2,10.0,0.0,15.0
1777422,2,2024-01-20 00:47:06,2024-01-20 00:54:24,1,1.3,158,68,1,9.3,2.86,17.16
1777632,1,2024-01-20 00:49:41,2024-01-20 01:02:45,1,2.9,161,263,1,14.9,0.0,19.9
1781288,2,2024-01-20 01:40:13,2024-01-20 01:48:29,1,1.53,79,107,1,10.0,3.0,18.0
1782778,1,2024-01-20 02:08:17,2024-01-20 02:13:55,1,1.1,246,48,1,7.2,2.45,14.65
1783869,2,2024-01-20 02:32:25,2024-01-20 02:44:10,1,3.72,186,88,1,17.0,3.5,25.5
1784892,2,2024-01-20 03:00:59,2024-01-20 03:12:13,2,2.07,249,232,1,13.5,0.0,18.5
1785057,2,2024-01-20 03:06:56,2024-01-20 03:17:21,1,3.3,229,74,1,15.6,4.12,24.72
1786994,2,2024-01-20 04:27:26,2024-01-20 04:28:40,1,0.36,170,164,1,3.7,1.74,10.44
1788315,2,2024-01-20 06:59:06,2024-01-20 07:15:53,,10.02,162,138,0,32.93,6.58,50.45
1788840,1,2024-01-20 07:32:29,2024-01-20 07:48:32,1,2.6,140,230,1,15.6,3.9,23.5
1791523,1,2024-01-20 09:03:57,2024-01-20 09:11:04,1,1.3,140,162,1,9.3,2.65,15.95
1793474,2,2024-01-20 09:43:16,2024-01-20 09:50:06,2,1.29,236,163,1,9.3,1.5,14.8
1794755,2,2024-01-20 10:02:23,2024-01-20 10:22:10,4,3.44,263,166,1,21.2,4.25,29.45
1796283,2,2024-01-20 10:25:31,2024-01-20 10:31:02,1,0.86,237,263,1,7.2,2.24,13.44
1797127,2,2024-01-20 10:37:51,2024-01-20 10:45:32,2,0.97,230,100,2,8.6,0.0,12.6
1800709,2,2024-01-20 11:23:19,2024-01-20 11:35:46,1,1.81,68,163,1,13.5,3.5,21.0
1801118,2,2024-01-20 11:28:21,2024-01-20 11:40:34,3,1.36,237,140,1,12.8,3.36,20.16
1801475,1,2024-01-20 11:33:06,2024-01-20 11:53:49,1,3.9,107,263,2,21.9,0.0,25.9
1803120,2,2024-01-20 11:51:45,2024-01-20 11:56:57,1,0.88,170,224,1,7.2,3.36,14.56
1803305,2,2024-01-20 11:53:37,2024-01-20 12:04:06,1,1.41,164,249,1,10.7,1.0,15.7
1803506,1,2024-01-20 11:55:43,2024-01-20 11:59:10,2,0.5,162,230,1,5.1,2.0,11.1
1803602,1,2024-01-20 11:56:53,2024-01-20 12:00:57,,0.4,170,137,0,5.8,2.0,11.8
1804443,2,2024-01-20 12:06:30,2024-01-20 12:07:59,1,0.38,90,249,1,3.7,1.54,9.24
1805732,2,2024-01-20 12:20:35,2024-01-20 12:25:25,2,0.7,238,239,1,6.5,2.1,12.6
1805752,2,2024-01-20 12:20:45,2024-01-20 12:39:37,1,3.23,142,158,1,19.1,6.93,30.03
1807689,2,2024-01-20 12:40:26,2024-01-20 12:48:44,1,0.49,48,230,2,8.6,0.0,12.6
1809598,2,2024-01-20 12:59:16,2024-01-20 13:11:28,1,2.52,162,107,1,14.2,3.64,21.84
1811413,2,2024-01-20 13:17:36,2024-01-20 13:33:28,1,2.38,186,144,1,15.6,2.94,22.54
1812970,2,2024-01-20 13:33:15,2024-01-20 13:36:40,1,0.45,141,141,1,5.1,1.82,10.92
1813670,2,2024-01-20 13:39:56,2024-01-20 13:47:13,1,1.18,170,79,1,8.6,2.52,15.12
1814804,1,2024-01-20 13:50:32,2024-01-20 13:55:13,2,0.9,137,233,2,7.2,0.0,11.2
1815320,1,2024-01-20 13:55:02,2024-01-20 14:21:28,1,4.6,238,234,3,24.0,0.0,28.0
1817116,2,2024-01-20 14:13:34,2024-01-20 14:29:07,4,2.17,186,143,1,15.6,2.94,22.54
1817351,1,2024-01-20 14:16:01,2024-01-20 14:33:00,2,2.3,13,114,1,17.7,4.3,26.0
1820095,2,2024-01-20 14:42:52,2024-01-20 15:21:33,1,7.86,231,236,1,40.8,8.96,53.76
1820536,1,2024-01-20 14:46:32,2024-01-20 14:56:07,1,1.0,186,234,1,10.0,2.8,16.8
1821255,2,2024-01-20 14:52:49,2024-01-20 14:59:49,1,0.92,113,148,2,8.6,0.0,12.6
1822122,2,2024-01-20 15:00:49,2024-01-20 15:02:54,1,0.25,262,262,1,4.4,0.17,8.57
1825215,2,2024-01-20 15:29:49,2024-01-20 16:13:11,1,20.76,236,1,1,100.0,15.0,131.38
1826316,2,2024-01-20 15:40:03,2024-01-20 15:45:24,1,0.73,114,79,1,6.5,2.1,12.6
1828071,2,2024-01-20 15:55:04,2024-01-20 16:32:58,1,19.83,132,140,1,70.0,16.19,98.88
1828243,2,2024-01-20 15:56:19,2024-01-20 16:16:39,,6.01,141,209,0,29.83,6.77,40.6
1830927,2,2024-01-20 16:18:45,2024-01-20 16:31:48,1,1.56,238,142,1,14.2,5.46,23.66
1832194,2,2024-01-20 16:29:26,2024-01-20 16:30:57,2,0.23,236,237,4,3.7,0.0,7.7
1834667,1,2024-01-20 16:48:55,2024-01-20 16:54:22,1,0.7,45,209,1,7.2,2.7,16.4
1835110,2,2024-01-20 16:52:38,2024-01-20 17:16:34,1,11.1,138,127,1,43.6,14.26,73.05
1836012,1,2024-01-20 16:59:46,2024-01-20 17:06:12,2,1.1,170,79,1,8.6,3.1,15.7
1837031,2,2024-01-20 17:07:50,2024-01-20 17:21:49,1,1.42,144,79,2,13.5,0.0,17.5
1837904,2,2024-01-20 17:15:38,2024-01-20 17:21:21,2,0.82,230,161,1,7.2,2.24,13.44
1838018,2,2024-01-20 17:16:48,2024-01-20 17:33:33,1,1.32,161,48,1,14.9,4.72,23.62
1840226,1,2024-01-20 17:35:42,2024-01-20 18:03:53,1,9.3,132,92,2,40.1,0.0,43.35
1841097,2,2024-01-20 17:43:31,2024-01-20 17:50:55,2,1.64,50,239,2,10.0,0.0,14.0
1845670,2,2024-01-20 18:23:01,2024-01-20 18:45:19,3,4.57,162,236,1,26.1,2.0,32.1
1845977,2,2024-01-20 18:25:48,2024-01-20 18:36:46,1,0.64,164,186,2,10.0,0.0,14.0
1847325,2,2024-01-20 18:37:55,2024-01-20 18:53:26,1,1.57,158,186,1,14.2,2.0,20.2
1847356,2,2024-01-20 18:38:15,2024-01-20 18:43:42,1,0.59,163,161,2,7.2,0.0,11.2
1848390,2,2024-01-20 18:47:08,2024-01-20 18:58:44,2,0.88,161,142,2,11.4,0.0,15.4
1849564,2,2024-01-20 18:56:48,2024-01-20 19:07:38,1,0.99,79,148,1,11.4,3.08,18.48
1850026,2,2024-01-20 19:00:35,2024-01-20 19:07:44,1,0.94,234,170,1,8.6,1.26,13.86
1850698,2,2024-01-20 19:06:03,2024-01-20 19:10:57,1,0.71,236,263,1,6.5,2.1,12.6
1853192,2,2024-01-20 19:25:03,2024-01-20 19:50:14,,4.09,236,186,0,30.5,0.0,34.5
1853582,2,2024-01-20 19:28:16,2024-01-20 19:54:48,4,3.11,114,233,1,24.0,3.5,31.5
1853684,2,2024-01-20 19:29:10,2024-01-20 19:43:36,,1.47,163,164,0,17.2,0.0,21.2
1854169,2,2024-01-20 19:32:55,2024-01-20 19:50:03,,3.99,226,36,0,24.04,0.0,25.54
1854865,2,2024-01-20 19:38:35,2024-01-20 19:42:58,1,0.69,140,140,1,6.5,2.1,12.6
1856490,2,2024-01-20 19:51:33,2024-01-20 20:00:42,1,1.18,263,140,1,10.0,1.4,15.4
1856742,2,2024-01-20 19:53:43,2024-01-20 20:04:36,1,2.38,263,170,1,12.8,2.0,18.8
1857200,1,2024-01-20 19:57:38,2024-01-20 20:03:37,1,0.5,142,143,1,5.8,2.0,11.8
1858346,2,2024-01-20 20:07:42,2024-01-20 20:10:11,2,0.68,151,151,1,5.1,1.52,9.12
1859504,2,2024-01-20 20:19:03,2024-01-20 20:34:32,1,0.64,68,234,1,13.5,3.7,22.2
1861021,2,2024-01-20 20:34:19,2024-01-20 21:03:19,2,6.74,239,261,1,33.8,7.76,46.56
1861338,1,2024-01-20 20:37:35,2024-01-20 20:44:55,1,1.2,237,140,1,7.9,1.0,13.9
1864216,2,2024-01-20 21:09:30,2024-01-20 21:12:12,1,1.13,262,74,1,6.5,2.3,13.8
1865929,2,2024-01-20 21:30:39,2024-01-20 21:42:13,2,1.07,186,230,2,11.4,0.0,16.4
1866744,2,2024-01-20 21:39:43,2024-01-20 22:07:21,1,4.08,144,237,1,27.5,8.12,40.62
1868494,2,2024-01-20 21:57:23,2024-01-20 22:21:34,1,1.92,249,100,1,20.5,6.38,31.88
1869612,2,2024-01-20 22:07:52,2024-01-20 22:15:25,2,0.0,141,229,1,7.9,1.1,14.0
1870791,2,2024-01-20 22:19:20,2024-01-20 22:35:58,1,3.56,158,87,1,19.8,4.0,28.8
1871495,1,2024-01-20 22:26:30,2024-01-20 22:40:59,0,0.8,79,114,1,12.8,3.55,21.35
1873283,2,2024-01-20 22:42:49,2024-01-20 22:48:38,1,1.49,229,170,1,8.6,2.72,16.32
1873790,1,2024-01-20 22:47:53,2024-01-20 22:59:59,1,1.9,141,170,1,13.5,1.0,19.5
1873792,1,2024-01-20 22:47:55,2024-01-20 23:17:50,1,7.7,239,52,1,33.8,9.7,48.5
1873879,1,2024-01-20 22:48:42,2024-01-20 23:06:43,1,3.2,142,107,1,17.7,2.5,25.2
1874536,1,2024-01-20 22:55:07,2024-01-20 23:32:37,1,27.4,132,181,1,99.6,4.0,107.85
1877115,2,2024-01-20 23:19:30,2024-01-20 23:35:34,1,5.34,48,152,1,24.7,5.94,35.64
1877519,2,2024-01-20 23:22:46,2024-01-20 23:50:21,1,19.94,132,119,2,73.0,0.0,91.13
1878517,2,2024-01-20 23:30:16,2024-01-20 23:47:40,,4.47,148,140,0,24.98,0.0,28.98
1879251,2,2024-01-20 23:36:10,2024-01-20 23:40:58,1,1.56,263,74,4,-8.6,0.0,-13.6
1882643,2,2024-01-21 00:05:18,2024-01-21 00:17:55,,1.37,79,211,0,16.3,0.0,20.3
1883027,2,2024-01-21 00:09:26,2024-01-21 00:31:27,1,3.58,148,265,1,60.0,14.88,89.26
1884222,2,2024-01-21 00:22:48,2024-01-21 00:52:45,2,16.32,132,229,1,70.0,12.0,87.75
1884520,1,2024-01-21 00:26:13,2024-01-21 00:34:07,1,1.1,48,143,1,9.3,0.0,14.3
1884720,2,2024-01-21 00:28:54,2024-01-21 00:34:40,5,1.18,79,107,1,7.9,2.58,15.48
1889532,2,2024-01-21 01:36:49,2024-01-21 01:48:15,1,3.36,144,100,1,16.3,0.0,21.3
1890134,2,2024-01-21 01:44:36,2024-01-21 01:53:54,1,1.51,100,143,1,11.4,0.82,17.22
1890552,2,2024-01-21 01:49:13,2024-01-21 02:04:58,,4.9,223,75,0,30.54,0.0,38.98
1893287,2,2024-01-21 02:28:55,2024-01-21 02:37:17,,0.98,144,79,0,8.47,0.0,12.47
1893857,2,2024-01-21 02:39:04,2024-01-21 02:48:38,1,1.35,249,107,1,10.7,3.14,18.84
1894453,2,2024-01-21 02:50:24,2024-01-21 02:56:43,1,2.3,249,261,1,10.7,1.0,16.7
1894585,2,2024-01-21 02:53:07,2024-01-21 03:06:30,,2.84,68,87,0,18.38,0.0,22.38
1897255,2,2024-01-21 04:21:26,2024-01-21 04:52:42,1,12.46,25,41,1,52.7,11.54,69.24
1898329,2,2024-01-21 06:23:06,2024-01-21 06:34:26,1,4.38,100,151,1,19.1,5.78,28.88
1899392,1,2024-01-21 07:42:55,2024-01-21 07:52:41,1,1.9,236,239,1,10.7,2.95,17.65
1899805,2,2024-01-21 08:04:32,2024-01-21 08:25:01,1,9.71,163,138,1,39.4,9.68,58.08
1900775,2,2024-01-21 08:45:38,2024-01-21 08:59:00,1,2.86,79,246,1,16.3,4.06,24.36
1902220,2,2024-01-21 09:26:06,2024-01-21 09:29:58,1,0.78,100,163,1,5.8,1.96,11.76
1902671,2,2024-01-21 09:36:36,2024-01-21 09:41:03,5,0.54,143,239,1,6.5,2.1,12.6
1902946,2,2024-01-21 09:42:11,2024-01-21 09:42:38,1,0.0,186,186,4,-3.0,0.0,-7.0
1903104,2,2024-01-21 09:45:21,2024-01-21 09:53:20,2,1.78,238,43,1,10.7,2.94,17.64
1903499,2,2024-01-21 09:53:08,2024-01-21 10:20:07,1,6.73,238,261,1,33.8,7.56,45.36
1903626,2,2024-01-21 09:55:18,2024-01-21 10:02:58,2,1.1,163,233,1,8.6,0.0,12.6
1903675,2,2024-01-21 09:56:15,2024-01-21 10:05:34,2,1.3,186,43,1,10.0,2.8,16.8
1904778,1,2024-01-21 10:16:06,2024-01-21 10:34:24,2,4.0,166,141,1,21.2,4.8,30.0
1905551,2,2024-01-21 10:29:33,2024-01-21 10:35:32,1,1.05,164,161,2,7.9,0.0,11.9
1906004,2,2024-01-21 10:36:52,2024-01-21 10:42:12,2,0.8,239,43,1,7.2,2.24,13.44
1906206,2,2024-01-21 10:39:48,2024-01-21 10:47:58,5,1.54,239,236,2,10.7,0.0,14.7
1908724,2,2024-01-21 11:14:53,2024-01-21 11:19:53,1,0.88,263,262,1,7.2,2.24,13.44
1908878,2,2024-01-21 11:17:00,2024-01-21 11:25:44,1,1.79,164,249,2,10.7,0.0,14.7
1912398,2,2024-01-21 11:58:39,2024-01-21 12:04:27,2,0.83,238,75,1,7.9,1.88,11.28
1913065,1,2024-01-21 12:06:42,2024-01-21 12:17:41,1,1.9,244,152,2,12.8,0.0,14.3
1914572,1,2024-01-21 12:22:49,2024-01-21 12:26:18,1,0.5,264,137,1,5.8,1.95,11.75
1914957,2,2024-01-21 12:26:45,2024-01-21 12:45:00,1,2.73,79,237,1,18.4,4.48,26.88
1915468,2,2024-01-21 12:32:33,2024-01-21 12:46:09,2,5.52,138,135,1,24.7,6.24,39.19
1916037,1,2024-01-21 12:38:40,2024-01-21 12:54:50,1,2.5,262,142,3,13.5,0.0,17.5
1916277,2,2024-01-21 12:41:15,2024-01-21 12:43:47,1,0.69,50,48,3,-5.1,0.0,-9.1
1916319,1,2024-01-21 12:41:42,2024-01-21 12:48:26,1,2.3,141,74,1,11.4,3.08,18.48
1921233,2,2024-01-21 13:35:36,2024-01-21 13:46:21,1,1.48,107,230,2,11.4,0.0,15.4
1921975,1,2024-01-21 13:43:45,2024-01-21 14:22:35,1,16.3,132,164,1,70.0,3.0,85.69
1925950,2,2024-01-21 14:26:59,2024-01-21 15:00:11,1,6.42,87,237,1,35.2,11.76,50.96
1926456,2,2024-01-21 14:31:51,2024-01-21 15:18:45,2,17.81,162,132,2,70.0,0.0,80.94
1927123,2,2024-01-21 14:39:09,2024-01-21 14:57:32,1,1.52,186,233,2,16.3,0.0,20.3
1928692,2,2024-01-21 14:55:12,2024-01-21 15:10:28,2,2.3,229,143,2,15.6,0.0,19.6
1929001,2,2024-01-21 14:58:33,2024-01-21 15:04:01,1,0.98,237,236,1,7.2,2.8,14.0
1931155,2,2024-01-21 15:20:33,2024-01-21 15:29:53,1,0.89,90,170,1,10.0,1.0,15.0
1933508,1,2024-01-21 15:46:37,2024-01-21 15:56:12,1,3.5,132,216,1,16.3,5.85,25.4
1934492,1,2024-01-21 15:56:47,2024-01-21 16:17:51,1,3.1,229,4,1,20.5,4.9,29.4
1937187,2,2024-01-21 16:25:34,2024-01-21 16:29:23,2,0.44,230,161,2,5.1,0.0,9.1
1937756,2,2024-01-21 16:32:13,2024-01-21 16:41:57,1,1.4,186,158,1,10.7,2.94,17.64
1939914,2,2024-01-21 16:55:16,2024-01-21 17:19:15,1,8.0,132,63,2,33.8,0.0,35.3
1939963,2,2024-01-21 16:55:46,2024-01-21 17:50:59,1,20.95,132,261,1,70.0,4.25,80.0
1942299,2,2024-01-21 17:21:58,2024-01-21 18:24:20,2,18.14,132,48,1,70.0,16.19,98.88
1944253,2,2024-01-21 17:43:06,2024-01-21 17:57:52,1,1.25,79,232,2,14.2,0.0,18.2
1944809,2,2024-01-21 17:48:31,2024-01-21 17:56:31,2,3.07,132,10,1,47.5,0.0,50.25
1944998,2,2024-01-21 17:50:38,2024-01-21 18:06:09,1,2.19,186,79,1,15.6,4.9,24.5
1945933,1,2024-01-21 18:00:26,2024-01-21 18:03:33,0,0.6,141,141,2,5.8,0.0,9.8
1946271,2,2024-01-21 18:04:01,2024-01-21 18:15:23,1,0.99,113,249,1,10.7,2.94,17.64
1948121,1,2024-01-21 18:23:50,2024-01-21 18:47:34,1,5.0,238,231,1,24.7,5.75,34.45
1948246,1,2024-01-21 18:25:02,2024-01-21 18:29:39,1,0.6,170,164,2,7.2,0.0,11.2
1950272,2,2024-01-21 18:48:49,2024-01-21 18:53:46,1,0.76,161,161,1,6.5,2.1,12.6
1950428,2,2024-01-21 18:50:59,2024-01-21 18:58:40,1,1.22,236,237,1,10.0,2.5,16.5
1950532,2,2024-01-21 18:52:00,2024-01-21 19:01:52,1,1.59,170,140,1,10.7,2.94,17.64
1953579,2,2024-01-21 19:35:56,2024-01-21 19:48:39,1,1.62,234,246,2,12.8,0.0,16.8
1953912,2,2024-01-21 19:40:57,2024-01-21 19:48:24,1,1.44,141,75,2,10.0,0.0,14.0
1955999,1,2024-01-21 20:14:52,2024-01-21 20:50:02,1,11.3,132,49,1,45.0,12.3,61.55
1957059,2,2024-01-21 20:32:55,2024-01-21 20:42:35,1,1.55,238,263,1,11.4,3.28,19.68
1957460,2,2024-01-21 20:40:15,2024-01-21 21:16:17,1,26.26,132,257,1,96.1,15.0,117.85
1962726,1,2024-01-21 22:07:47,2024-01-21 22:50:03,1,17.8,132,249,1,70.0,20.25,101.19
1963266,2,2024-01-21 22:19:05,2024-01-21 22:29:41,1,1.67,68,161,2,11.4,0.0,16.4
1964308,1,2024-01-21 22:46:21,2024-01-21 22:55:00,1,1.7,68,170,2,10.0,0.0,15.0
1964919,1,2024-01-21 23:03:16,2024-01-21 23:21:08,,5.8,233,37,0,26.59,0.0,37.53
1966317,2,2024-01-21 23:50:09,2024-01-22 00:08:01,2,11.02,138,185,1,42.9,0.0,59.09
1966777,2,2024-01-22 00:07:14,2024-01-22 00:07:30,2,0.0,132,132,3,-29.4,0.0,-32.15
1967176,2,2024-01-22 00:28:25,2024-01-22 00:50:15,1,5.47,137,255,1,26.8,6.36,38.16
1969621,2,2024-01-22 06:16:31,2024-01-22 06:21:55,1,0.78,100,161,3,-7.2,0.0,-12.2
1969685,2,2024-01-22 06:19:52,2024-01-22 06:28:08,1,2.22,246,107,1,12.1,1.9,18.0
1969970,2,2024-01-22 06:31:44,2024-01-22 07:16:56,1,21.56,132,174,2,82.1,0.0,92.29
1970367,2,2024-01-22 06:44:07,2024-01-22 07:02:26,,5.05,263,68,0,24.51,0.0,28.51
1970399,2,2024-01-22 06:44:49,2024-01-22 06:59:17,1,3.28,162,231,1,17.0,3.15,24.15
1970499,2,2024-01-22 06:47:11,2024-01-22 06:57:26,,2.23,249,13,0,-3.0,0.0,1.0
1974252,2,2024-01-22 07:56:32,2024-01-22 08:40:06,1,12.84,132,129,4,-54.8,0.0,-58.05
1975270,2,2024-01-22 08:10:43,2024-01-22 08:54:19,1,12.04,138,230,1,54.8,14.5,86.99
1975669,1,2024-01-22 08:16:05,2024-01-22 08:24:11,1,1.1,239,238,2,9.3,0.0,13.3
1976028,2,2024-01-22 08:20:55,2024-01-22 09:03:10,1,4.52,238,234,1,35.2,15.0,54.2
1976282,2,2024-01-22 08:24:34,2024-01-22 08:32:04,1,0.67,236,236,1,7.9,1.8,13.7
1977626,2,2024-01-22 08:41:34,2024-01-22 09:00:30,,2.51,140,233,0,21.02,5.0,30.02
1977869,1,2024-01-22 08:44:47,2024-01-22 08:55:49,1,1.9,262,162,1,12.1,1.0,17.1
1980400,2,2024-01-22 09:11:13,2024-01-22 09:16:51,1,0.53,170,100,1,7.2,1.0,12.2
1980717,2,2024-01-22 09:14:38,2024-01-22 09:45:36,1,4.63,230,75,1,29.6,6.72,40.32
1980770,2,2024-01-22 09:15:18,2024-01-22 09:25:09,1,0.9,162,186,1,10.0,2.0,16.0
1981921,1,2024-01-22 09:29:19,2024-01-22 09:37:49,1,0.8,249,90,1,7.9,3.0,14.9
1983733,2,2024-01-22 09:52:39,2024-01-22 10:06:38,1,4.01,151,163,1,19.8,4.76,28.56
1989206,2,2024-01-22 11:05:39,2024-01-22 11:19:35,1,2.16,238,237,1,15.6,2.94,22.54
1990503,2,2024-01-22 11:23:49,2024-01-22 11:24:08,1,0.0,170,170,3,3.0,0.0,7.0
1991277,2,2024-01-22 11:34:31,2024-01-22 11:45:39,1,2.9,13,246,2,15.6,0.0,19.6
1992324,1,2024-01-22 11:48:00,2024-01-22 12:08:38,1,1.1,163,237,1,17.0,4.0,25.0
1992447,2,2024-01-22 11:49:33,2024-01-22 11:57:19,1,0.3,237,237,1,7.9,2.0,13.9
1994336,2,2024-01-22 12:12:35,2024-01-22 12:22:53,1,1.04,142,50,1,10.7,2.2,16.9
1994494,1,2024-01-22 12:14:49,2024-01-22 12:17:56,1,0.9,75,74,2,6.5,0.0,8.0
1994563,2,2024-01-22 12:15:39,2024-01-22 13:07:41,2,18.76,132,231,1,70.0,15.0,90.75
1996192,1,2024-01-22 12:36:21,2024-01-22 12:40:09,1,0.6,163,237,4,5.8,0.0,9.8
2004319,2,2024-01-22 14:15:53,2024-01-22 14:23:47,1,0.62,237,237,1,8.6,0.0,12.6
2007179,1,2024-01-22 14:45:59,2024-01-22 14:51:14,1,0.8,237,163,2,6.5,0.0,10.5
2007438,1,2024-01-22 14:48:27,2024-01-22 15:02:41,2,2.3,263,142,1,14.9,4.7,23.6
2008028,1,2024-01-22 14:54:26,2024-01-22 15:11:41,0,2.4,107,231,1,16.3,6.05,26.35
2009929,2,2024-01-22 15:14:45,2024-01-22 15:14:59,1,0.0,193,193,1,3.0,0.0,4.5
2010587,2,2024-01-22 15:21:44,2024-01-22 15:33:37,1,1.24,140,236,1,12.1,3.22,19.32
2011739,2,2024-01-22 15:34:02,2024-01-22 16:14:16,2,12.03,138,87,1,54.1,12.62,77.47
2011889,2,2024-01-22 15:35:18,2024-01-22 16:02:01,1,5.18,137,217,2,29.6,0.0,33.6
2012182,1,2024-01-22 15:38:06,2024-01-22 16:14:39,1,10.5,21,35,1,36.5,0.0,38.0
2013182,1,2024-01-22 15:48:11,2024-01-22 15:52:51,1,0.6,140,229,1,6.5,2.1,12.6
2013382,2,2024-01-22 15:50:09,2024-01-22 16:06:32,1,2.05,162,75,1,16.3,1.0,21.3
2015032,2,2024-01-22 16:07:44,2024-01-22 16:07:48,2,0.0,239,239,4,-70.0,0.0,-74.0
2015172,2,2024-01-22 16:08:57,2024-01-22 16:15:13,1,1.36,48,68,1,8.6,2.0,17.1
2015209,2,2024-01-22 16:09:17,2024-01-22 16:14:19,1,0.8,262,140,1,7.2,2.06,15.76
2016188,2,2024-01-22 16:18:56,2024-01-22 16:29:18,1,1.27,234,249,1,10.7,2.94,17.64
2019503,2,2024-01-22 16:53:45,2024-01-22 17:14:11,1,2.93,125,162,1,19.8,5.26,31.56
2020516,2,2024-01-22 17:04:35,2024-01-22 17:11:46,2,0.9,141,229,1,8.6,3.02,18.12
2022630,1,2024-01-22 17:24:36,2024-01-22 17:48:56,2,3.2,238,161,1,22.6,5.8,34.9
2025646,2,2024-01-22 17:52:38,2024-01-22 18:00:05,1,0.78,163,161,1,7.9,2.16,16.56
2026940,2,2024-01-22 18:04:47,2024-01-22 18:09:10,2,0.55,234,113,1,5.8,2.0,14.3
2027395,2,2024-01-22 18:08:41,2024-01-22 18:16:19,1,1.7,238,166,2,10.0,0.0,14.0
2027461,2,2024-01-22 18:09:15,2024-01-22 18:25:52,1,2.15,162,113,1,16.3,4.56,27.36
2028273,1,2024-01-22 18:16:50,2024-01-22 18:28:10,2,2.1,246,143,1,12.1,3.7,22.3
2028694,2,2024-01-22 18:20:45,2024-01-22 18:40:53,1,2.67,68,211,2,18.4,0.0,24.9
2030207,2,2024-01-22 18:35:33,2024-01-22 19:12:14,1,10.34,138,50,1,47.8,12.21,73.26
2030330,2,2024-01-22 18:36:48,2024-01-22 18:48:40,2,2.01,231,65,1,12.1,4.65,23.25
2030474,2,2024-01-22 18:38:08,2024-01-22 18:44:07,1,0.85,144,79,1,7.2,2.0,15.7
2031445,2,2024-01-22 18:47:22,2024-01-22 18:47:24,2,0.0,264,264,1,87.0,22.12,110.62
2031482,2,2024-01-22 18:47:40,2024-01-22 19:00:54,1,3.1,246,231,1,17.0,4.7,28.2
2032355,2,2024-01-22 18:56:16,2024-01-22 19:08:30,1,2.33,161,75,1,14.2,4.14,24.84
2033383,2,2024-01-22 19:07:37,2024-01-22 19:30:33,1,3.53,163,231,1,21.9,5.68,34.08
2033711,2,2024-01-22 19:11:07,2024-01-22 19:16:26,2,0.84,79,79,1,7.2,2.74,16.44
2034860,2,2024-01-22 19:23:17,2024-01-22 19:36:55,2,1.69,170,48,1,12.8,2.0,21.3
2035041,2,2024-01-22 19:25:03,2024-01-22 19:25:11,1,0.02,163,161,4,70.0,0.0,79.0
2035196,1,2024-01-22 19:26:38,2024-01-22 19:37:43,1,2.4,161,263,2,13.5,0.0,20.0
2035974,2,2024-01-22 19:35:19,2024-01-22 19:49:36,2,2.0,164,231,1,14.2,4.14,24.84
2037837,1,2024-01-22 19:57:40,2024-01-22 20:04:50,1,1.3,161,237,1,10.0,1.65,18.15
2040936,2,2024-01-22 20:35:09,2024-01-22 20:54:33,5,3.79,68,4,1,21.9,1.0,27.9
2041543,2,2024-01-22 20:42:29,2024-01-22 20:58:37,1,11.84,132,155,1,45.0,7.12,56.37
2042776,2,2024-01-22 20:57:19,2024-01-22 21:01:08,1,0.57,260,260,2,5.8,0.0,8.3
2044002,2,2024-01-22 21:11:48,2024-01-22 21:25:19,1,2.39,239,162,1,14.9,1.5,21.4
2044025,2,2024-01-22 21:12:02,2024-01-22 21:25:09,1,1.97,68,107,1,13.5,3.7,22.2
2044202,1,2024-01-22 21:14:29,2024-01-22 21:30:42,1,2.5,114,48,2,17.0,0.0,22.0
2044853,2,2024-01-22 21:22:20,2024-01-22 21:30:22,3,2.34,224,140,1,13.5,3.7,22.2
2045908,1,2024-01-22 21:37:12,2024-01-22 21:45:56,1,1.6,237,262,1,10.0,3.0,18.0
2046983,2,2024-01-22 21:53:09,2024-01-22 22:04:09,5,2.22,263,237,1,13.5,1.0,19.5
2048307,1,2024-01-22 22:15:25,2024-01-22 22:22:55,1,2.0,249,13,1,10.7,2.0,17.7
2052370,2,2024-01-23 00:04:36,2024-01-23 00:27:27,4,9.01,138,230,2,38.0,0.0,56.69
2053920,2,2024-01-23 01:19:07,2024-01-23 01:23:27,1,1.2,48,239,1,7.9,2.58,15.48
2055657,2,2024-01-23 06:14:37,2024-01-23 06:21:58,1,1.02,186,170,1,8.6,0.0,12.6
2058594,2,2024-01-23 07:33:05,2024-01-23 07:46:56,1,2.7,125,161,1,15.6,3.25,22.85
2058980,1,2024-01-23 07:39:11,2024-01-23 07:47:13,1,1.2,151,166,1,10.0,2.3,13.8
2062311,2,2024-01-23 08:23:47,2024-01-23 08:38:11,2,1.75,162,140,1,14.2,2.0,20.2
2062579,2,2024-01-23 08:27:13,2024-01-23 08:50:46,,1.86,107,163,0,19.53,0.0,23.53
2066863,1,2024-01-23 09:14:37,2024-01-23 09:25:06,1,1.3,237,170,1,10.0,2.8,16.8
2067082,2,2024-01-23 09:17:14,2024-01-23 09:37:02,1,1.37,170,230,1,17.0,4.2,25.2
2067615,2,2024-01-23 09:23:14,2024-01-23 09:39:38,1,2.36,140,163,1,17.0,4.2,25.2
2067673,1,2024-01-23 09:23:50,2024-01-23 09:31:39,1,1.3,249,231,1,8.6,2.5,15.1
2068068,2,2024-01-23 09:28:23,2024-01-23 09:34:07,1,1.17,236,237,1,8.6,2.52,15.12
2072124,2,2024-01-23 10:15:30,2024-01-23 10:53:30,1,9.39,138,234,1,45.7,15.41,78.8
2072719,2,2024-01-23 10:22:34,2024-01-23 10:34:03,1,1.11,237,263,1,11.4,1.0,16.4
2073496,2,2024-01-23 10:31:09,2024-01-23 11:05:30,1,3.15,68,236,2,29.6,0.0,33.6
2073740,1,2024-01-23 10:33:58,2024-01-23 10:38:37,1,0.4,141,140,2,5.8,0.0,9.8
2074248,2,2024-01-23 10:39:31,2024-01-23 11:38:17,2,23.16,132,50,1,70.0,16.19,98.88
2075111,1,2024-01-23 10:49:07,2024-01-23 11:15:01,1,0.0,17,65,1,18.5,0.0,20.0
2075392,2,2024-01-23 10:51:53,2024-01-23 11:18:06,1,4.51,141,148,1,27.5,3.0,34.5
2076261,2,2024-01-23 11:02:09,2024-01-23 11:38:04,1,8.86,138,100,1,45.0,10.0,72.69
2076279,1,2024-01-23 11:02:19,2024-01-23 11:17:01,,0.7,186,230,0,13.5,2.63,20.13
2079064,1,2024-01-23 11:32:29,2024-01-23 11:58:32,1,1.3,234,164,1,21.2,5.0,30.2
2079648,2,2024-01-23 11:38:24,2024-01-23 11:52:22,1,1.5,163,50,1,13.5,4.38,21.88
2083380,2,2024-01-23 12:15:00,2024-01-23 12:25:00,,1.31,75,238,0,11.74,3.15,18.89
2084377,2,2024-01-23 12:24:29,2024-01-23 12:38:37,1,1.74,68,107,1,13.5,3.5,21.0
2085110,2,2024-01-23 12:32:06,2024-01-23 12:36:12,1,0.46,161,233,1,5.8,2.0,11.8
2086358,2,2024-01-23 12:45:45,2024-01-23 12:51:48,1,0.81,230,163,1,7.2,1.12,12.32
2087310,2,2024-01-23 12:56:18,2024-01-23 13:01:48,6,0.98,186,68,1,7.2,2.24,13.44
2088080,2,2024-01-23 13:05:30,2024-01-23 13:19:50,1,1.54,90,79,1,14.2,3.0,21.2
2088622,1,2024-01-23 13:11:39,2024-01-23 13:34:22,1,5.1,246,87,1,26.8,7.7,38.5
2089452,2,2024-01-23 13:20:56,2024-01-23 13:32:25,6,1.46,262,237,1,12.1,3.22,19.32
2091612,2,2024-01-23 13:43:13,2024-01-23 13:56:37,1,1.12,161,237,1,12.8,3.36,20.16
2091703,2,2024-01-23 13:43:57,2024-01-23 13:56:53,1,2.44,75,166,1,14.9,3.28,19.68
2092417,2,2024-01-23 13:51:49,2024-01-23 14:07:07,1,4.96,137,65,1,22.6,5.32,31.92
2093101,2,2024-01-23 13:58:16,2024-01-23 14:15:30,1,1.88,234,125,1,16.3,4.06,24.36
2093930,2,2024-01-23 14:06:37,2024-01-23 14:21:51,1,0.78,237,237,1,13.5,3.5,21.0
2097915,2,2024-01-23 14:47:09,2024-01-23 14:55:05,2,0.71,236,237,1,8.6,2.5,15.1
2099519,1,2024-01-23 15:02:14,2024-01-23 15:05:13,1,0.4,164,170,1,5.1,2.7,11.8
2100852,2,2024-01-23 15:14:35,2024-01-23 15:18:20,1,0.58,238,239,1,5.8,1.0,10.8
2102830,2,2024-01-23 15:34:06,2024-01-23 15:36:18,1,0.27,236,236,1,4.4,1.0,9.4
2103464,1,2024-01-23 15:40:05,2024-01-23 15:48:10,1,1.1,236,237,2,9.3,0.0,13.3
2103689,1,2024-01-23 15:42:13,2024-01-23 15:54:09,1,1.0,170,230,1,10.7,3.7,18.4
2104723,2,2024-01-23 15:52:42,2024-01-23 16:03:37,1,1.84,238,142,1,12.8,3.36,20.16
2105543,1,2024-01-23 16:01:00,2024-01-23 16:27:37,2,2.5,114,161,2,23.3,0.0,27.3
2106480,2,2024-01-23 16:09:57,2024-01-23 16:14:41,1,0.46,100,48,1,6.5,2.6,15.6
2107870,2,2024-01-23 16:24:30,2024-01-23 17:15:29,1,16.81,234,132,1,70.0,15.0,103.44
2108741,1,2024-01-23 16:33:33,2024-01-23 16:39:54,1,0.8,43,142,1,7.2,2.7,16.4
2109085,2,2024-01-23 16:36:36,2024-01-23 16:41:52,1,0.79,113,114,1,7.2,4.11,17.81
2109324,2,2024-01-23 16:38:47,2024-01-23 16:45:43,1,0.95,236,262,1,7.9,3.0,17.4
2109868,2,2024-01-23 16:44:05,2024-01-23 17:02:37,1,1.57,88,246,2,17.0,0.0,23.5
2110064,2,2024-01-23 16:46:00,2024-01-23 17:06:30,1,5.92,132,216,2,28.2,0.0,33.95
2110217,1,2024-01-23 16:47:27,2024-01-23 17:05:30,,0.0,74,4,0,33.4,0.0,41.9
2110624,2,2024-01-23 16:51:16,2024-01-23 16:58:59,1,0.0,237,141,1,7.9,1.6,16.0
2112330,2,2024-01-23 17:07:14,2024-01-23 17:11:48,2,0.48,137,164,1,5.8,2.46,14.76
2112535,1,2024-01-23 17:08:53,2024-01-23 17:41:17,1,2.8,237,107,1,27.5,8.5,42.5
2113064,2,2024-01-23 17:13:21,2024-01-23 17:28:03,1,2.43,162,113,1,15.6,3.32,25.42
2113860,1,2024-01-23 17:20:26,2024-01-23 17:35:18,1,3.7,236,233,2,19.1,0.0,25.6
2114758,1,2024-01-23 17:28:47,2024-01-23 17:47:31,2,9.7,138,229,1,38.0,11.6,69.79
2119052,1,2024-01-23 18:03:22,2024-01-23 18:07:30,,0.0,13,231,0,10.83,0.0,14.83
2119767,2,2024-01-23 18:09:18,2024-01-23 18:15:47,1,1.17,249,107,2,8.6,0.0,15.1
2122338,2,2024-01-23 18:29:22,2024-01-23 18:37:29,2,0.9,186,170,1,8.6,1.0,16.1
2122790,1,2024-01-23 18:32:57,2024-01-23 18:47:43,,4.5,87,170,0,30.35,0.0,34.35
2124167,2,2024-01-23 18:44:18,2024-01-23 18:49:06,2,0.51,107,234,4,-6.5,0.0,-13.0
2126282,1,2024-01-23 19:01:52,2024-01-23 19:46:29,2,18.1,132,163,1,70.0,16.15,96.9
2127035,1,2024-01-23 19:08:25,2024-01-23 19:18:11,0,1.9,233,263,1,12.1,3.7,22.3
2128980,2,2024-01-23 19:27:07,2024-01-23 19:37:06,1,1.49,141,170,1,10.7,5.0,22.2
2129539,2,2024-01-23 19:32:38,2024-01-23 19:42:19,1,1.02,163,233,1,10.0,2.48,18.98
2133498,1,2024-01-23 20:13:14,2024-01-23 20:16:38,1,0.7,230,142,1,5.8,2.16,12.96
2133808,1,2024-01-23 20:16:25,2024-01-23 20:27:42,1,2.1,162,50,1,13.5,3.7,22.2
2133898,2,2024-01-23 20:17:11,2024-01-23 20:41:29,1,5.01,79,239,1,25.4,6.08,36.48
2135850,2,2024-01-23 20:37:03,2024-01-23 20:48:01,1,1.59,161,234,1,11.4,3.28,19.68
2136989,1,2024-01-23 20:48:54,2024-01-23 20:56:39,1,2.0,163,238,1,10.7,1.0,16.7
2141162,1,2024-01-23 21:28:58,2024-01-23 21:34:52,1,0.6,229,162,2,5.8,0.0,10.8
2144964,2,2024-01-23 22:06:01,2024-01-23 22:15:11,4,2.13,263,237,1,12.1,3.42,20.52
2147528,2,2024-01-23 22:32:51,2024-01-23 22:39:41,2,1.9,161,113,1,10.7,3.14,18.84
2147869,2,2024-01-23 22:38:17,2024-01-23 22:53:12,1,4.3,163,166,1,21.9,18.0,44.9
2148375,1,2024-01-23 22:46:54,2024-01-23 22:59:12,2,2.5,246,211,1,15.6,4.1,24.7
2155096,2,2024-01-24 03:48:32,2024-01-24 03:55:22,2,2.2,107,229,1,11.4,3.28,19.68
2157477,2,2024-01-24 06:58:55,2024-01-24 07:07:31,2,2.29,262,162,1,12.8,1.0,17.8
2158218,1,2024-01-24 07:15:44,2024-01-24 07:26:27,1,2.8,236,161,1,14.2,3.6,21.8
2158795,2,2024-01-24 07:25:32,2024-01-24 07:29:03,1,0.71,164,234,1,5.8,1.96,11.76
2159844,1,2024-01-24 07:40:43,2024-01-24 07:54:35,2,3.1,236,161,1,16.3,2.0,22.3
2159925,2,2024-01-24 07:41:41,2024-01-24 07:56:33,1,2.24,237,68,1,14.9,3.78,22.68
2160472,2,2024-01-24 07:48:49,2024-01-24 08:02:13,1,2.51,249,170,1,14.9,3.78,22.68
2160868,2,2024-01-24 07:53:47,2024-01-24 08:03:50,1,1.67,170,237,1,12.1,3.0,19.1
2162714,2,2024-01-24 08:16:24,2024-01-24 08:27:00,1,1.93,107,162,1,12.8,4.2,21.0
2164770,1,2024-01-24 08:40:58,2024-01-24 08:48:21,1,0.8,68,90,2,7.9,0.0,11.9
2167618,1,2024-01-24 09:13:06,2024-01-24 09:31:33,1,2.2,162,246,1,18.4,6.7,29.1
2170439,2,2024-01-24 09:46:04,2024-01-24 09:51:48,1,0.66,239,143,1,7.2,2.24,13.44
2170584,2,2024-01-24 09:47:42,2024-01-24 09:53:18,1,0.66,249,114,1,7.2,2.24,13.44
2170766,2,2024-01-24 09:49:50,2024-01-24 10:24:47,5,4.08,161,88,1,31.0,7.0,42.0
2170935,2,2024-01-24 09:52:00,2024-01-24 10:07:41,2,1.38,246,230,1,14.2,2.0,20.2
2171766,1,2024-01-24 10:01:37,2024-01-24 10:06:02,1,0.7,48,246,1,5.1,2.0,11.1
2172286,2,2024-01-24 10:08:23,2024-01-24 10:17:12,1,1.18,107,170,1,10.0,2.0,16.0
2172566,2,2024-01-24 10:11:45,2024-01-24 10:27:24,5,1.95,141,161,2,15.6,0.0,19.6
2173240,2,2024-01-24 10:19:49,2024-01-24 10:33:11,1,2.11,142,238,1,14.2,3.64,21.84
2173566,1,2024-01-24 10:24:02,2024-01-24 10:43:31,2,0.8,186,164,2,16.3,0.0,20.3
2174340,2,2024-01-24 10:34:09,2024-01-24 10:44:48,1,1.04,229,163,1,10.7,0.8,15.5
2174511,2,2024-01-24 10:36:33,2024-01-24 11:03:02,1,5.55,13,142,1,30.3,6.86,41.16
2174585,2,2024-01-24 10:37:34,2024-01-24 10:50:18,2,1.38,43,161,1,12.1,4.02,20.12
2174853,2,2024-01-24 10:40:39,2024-01-24 10:47:40,2,1.12,161,234,1,8.6,2.52,15.12
2176530,2,2024-01-24 11:00:35,2024-01-24 11:26:31,2,1.78,68,68,1,21.9,5.18,31.08
2178367,2,2024-01-24 11:23:16,2024-01-24 11:32:22,1,1.57,151,75,1,10.7,2.44,14.64
2181378,1,2024-01-24 11:57:14,2024-01-24 12:26:09,1,3.0,137,262,2,26.1,0.0,30.1
2182218,2,2024-01-24 12:07:10,2024-01-24 12:27:17,1,2.94,238,161,1,19.8,5.95,29.75
2183197,1,2024-01-24 12:17:04,2024-01-24 12:26:36,2,1.4,237,239,1,11.4,2.31,17.71
2184793,2,2024-01-24 12:33:29,2024-01-24 12:48:46,1,0.83,161,48,1,13.5,0.0,17.5
2187738,2,2024-01-24 13:03:16,2024-01-24 13:11:01,1,1.39,170,224,1,9.3,2.66,15.96
2188080,2,2024-01-24 13:06:49,2024-01-24 13:24:27,1,1.49,263,140,2,16.3,0.0,20.3
2190004,2,2024-01-24 13:26:55,2024-01-24 13:32:28,1,1.1,142,237,1,7.9,2.98,14.88
2190075,1,2024-01-24 13:27:34,2024-01-24 13:54:15,1,2.9,163,170,1,23.3,5.45,32.75
2191516,1,2024-01-24 13:42:35,2024-01-24 13:54:38,,1.2,229,140,0,13.02,0.0,17.02
2192587,2,2024-01-24 13:53:10,2024-01-24 14:01:56,1,0.75,163,50,1,9.3,2.0,15.3
2193171,2,2024-01-24 13:59:12,2024-01-24 14:06:05,1,0.52,186,100,1,7.9,2.0,13.9
2194213,2,2024-01-24 14:10:17,2024-01-24 14:22:37,1,0.99,237,142,1,12.1,3.22,19.32
2194358,2,2024-01-24 14:11:33,2024-01-24 14:37:53,1,1.4,163,140,2,21.2,0.0,25.2
2196834,2,2024-01-24 14:35:30,2024-01-24 15:00:56,2,3.2,262,170,1,24.0,8.4,36.4
2197328,2,2024-01-24 14:39:54,2024-01-24 14:54:54,1,1.92,170,249,1,14.9,3.78,22.68
2199779,1,2024-01-24 15:01:11,2024-01-24 16:07:45,1,3.2,170,223,2,20.5,0.0,24.5
2200012,2,2024-01-24 15:03:16,2024-01-24 15:23:59,1,1.22,237,262,1,17.7,4.34,26.04
2203753,2,2024-01-24 15:36:44,2024-01-24 15:51:50,1,3.59,13,33,1,19.8,4.76,28.56
2204837,2,2024-01-24 15:46:44,2024-01-24 15:46:51,1,0.0,90,90,2,70.0,0.0,74.0
2205161,1,2024-01-24 15:49:57,2024-01-24 16:17:59,2,8.3,70,164,1,37.3,10.1,60.84
2206062,2,2024-01-24 15:58:18,2024-01-24 16:20:56,1,2.17,161,140,2,20.5,0.0,27.0
2207351,1,2024-01-24 16:10:30,2024-01-24 16:18:44,1,0.9,237,140,2,9.3,0.0,15.8
2207628,2,2024-01-24 16:13:13,2024-01-24 16:20:36,1,1.14,114,90,1,8.6,2.52,15.12
2208164,2,2024-01-24 16:18:09,2024-01-24 16:35:04,1,1.87,186,79,1,15.6,4.42,26.52
2209766,1,2024-01-24 16:33:31,2024-01-24 16:43:31,1,1.0,141,237,2,10.7,0.0,17.2
2211171,1,2024-01-24 16:45:45,2024-01-24 17:28:08,2,8.5,237,13,1,43.6,10.0,60.1
2212208,2,2024-01-24 16:55:06,2024-01-24 17:01:06,1,0.63,162,141,1,7.2,2.74,16.44
2214355,1,2024-01-24 17:13:09,2024-01-24 17:20:11,1,0.4,164,170,1,7.9,3.6,18.0
2215612,2,2024-01-24 17:23:14,2024-01-24 17:35:50,2,1.45,161,142,1,12.8,4.82,24.12
2215905,2,2024-01-24 17:25:23,2024-01-24 17:35:26,1,0.74,161,170,1,10.0,3.0,19.5
2216402,2,2024-01-24 17:29:47,2024-01-24 17:48:31,1,1.35,170,237,1,16.3,5.7,28.5
2217013,2,2024-01-24 17:34:37,2024-01-24 17:50:58,2,1.51,230,229,1,14.9,4.28,25.68
2218071,1,2024-01-24 17:42:54,2024-01-24 17:55:36,2,0.6,162,230,1,10.7,2.0,19.2
2219253,1,2024-01-24 17:52:11,2024-01-24 18:09:49,1,1.4,161,186,1,15.6,2.21,24.31
2219975,1,2024-01-24 17:57:52,2024-01-24 18:03:49,1,0.6,140,262,2,6.5,0.0,13.0
2222187,2,2024-01-24 18:14:10,2024-01-24 18:28:40,1,1.56,161,237,1,14.2,2.0,22.7
2222912,1,2024-01-24 18:19:37,2024-01-24 18:27:00,,1.0,231,264,0,7.9,2.16,16.56
2223620,2,2024-01-24 18:25:09,2024-01-24 18:42:44,5,1.45,229,237,1,15.6,4.42,26.52
2223842,2,2024-01-24 18:26:56,2024-01-24 18:46:50,1,2.25,162,141,1,18.4,6.22,31.12
2224814,2,2024-01-24 18:34:55,2024-01-24 19:24:55,1,17.88,132,233,1,70.0,15.8,96.55
2225764,1,2024-01-24 18:42:00,2024-01-24 18:48:03,1,0.7,107,137,1,6.5,2.6,15.6
2228542,1,2024-01-24 19:02:53,2024-01-24 19:09:27,1,0.8,141,233,1,7.9,2.85,17.25
2229616,2,2024-01-24 19:11:37,2024-01-24 19:32:24,1,5.86,231,239,1,27.5,6.8,40.8
2229957,2,2024-01-24 19:14:24,2024-01-24 19:25:14,2,1.45,236,141,1,11.4,3.58,21.48
2232990,2,2024-01-24 19:40:40,2024-01-24 20:01:45,1,4.97,161,232,1,24.7,6.24,37.44
2234385,2,2024-01-24 19:52:27,2024-01-24 20:17:13,1,3.39,68,263,1,23.3,5.96,35.76
2235356,2,2024-01-24 20:00:39,2024-01-24 20:11:27,1,1.77,161,68,1,12.1,2.0,19.1
2243288,2,2024-01-24 21:14:32,2024-01-24 21:27:18,1,3.3,237,74,1,16.3,2.13,23.43
2243976,2,2024-01-24 21:21:17,2024-01-24 21:28:19,1,1.13,249,144,1,9.3,2.86,17.16
2245850,1,2024-01-24 21:38:55,2024-01-24 21:42:17,1,0.7,249,90,1,5.8,1.62,12.42
2246372,2,2024-01-24 21:44:16,2024-01-24 21:57:57,1,1.85,164,142,1,13.5,4.62,23.12
2248093,2,2024-01-24 22:00:51,2024-01-24 22:04:49,1,1.16,237,236,1,7.2,2.44,14.64
2249530,2,2024-01-24 22:14:51,2024-01-24 22:15:04,1,0.0,196,196,1,33.6,7.42,44.52
2252951,2,2024-01-24 22:51:34,2024-01-24 22:59:56,1,2.43,142,166,1,12.1,1.5,18.6
2253105,2,2024-01-24 22:53:14,2024-01-24 22:55:23,1,0.39,166,166,1,4.4,1.04,7.94
2253241,2,2024-01-24 22:54:41,2024-01-24 23:23:07,1,11.04,132,17,1,45.7,8.0,57.95
2253370,2,2024-01-24 22:56:27,2024-01-24 23:04:17,1,1.56,162,141,1,10.0,3.75,18.75
2254113,2,2024-01-24 23:05:45,2024-01-24 23:15:33,1,2.14,142,236,2,12.8,0.0,17.8
2254759,2,2024-01-24 23:13:49,2024-01-24 23:33:17,1,8.49,231,263,1,35.9,2.0,42.9
2257421,2,2024-01-25 00:03:59,2024-01-25 00:07:28,1,0.67,246,68,1,5.8,2.16,12.96
2257835,2,2024-01-25 00:13:24,2024-01-25 00:51:10,1,5.99,230,223,1,37.3,8.46,50.76
2258065,2,2024-01-25 00:21:25,2024-01-25 00:30:10,1,1.26,90,107,1,10.0,3.0,18.0
2259149,2,2024-01-25 01:14:52,2024-01-25 01:30:51,1,3.22,114,65,1,18.4,4.68,28.08
2260277,2,2024-01-25 03:53:56,2024-01-25 04:10:29,1,4.64,186,25,2,21.9,0.0,26.9
2260358,2,2024-01-25 04:10:38,2024-01-25 04:10:44,1,0.0,246,246,4,-120.0,0.0,-123.5
2260989,2,2024-01-25 05:38:10,2024-01-25 05:48:15,1,1.68,48,137,1,11.4,3.0,19.4
2261961,1,2024-01-25 06:27:26,2024-01-25 06:29:58,1,0.4,48,50,2,4.4,0.0,8.4
2262779,1,2024-01-25 06:52:38,2024-01-25 07:16:00,1,11.3,161,138,1,44.3,15.05,75.29
2263340,2,2024-01-25 07:05:32,2024-01-25 07:13:08,1,1.03,43,162,1,8.6,2.52,15.12
2263682,1,2024-01-25 07:12:06,2024-01-25 07:26:33,1,3.2,236,100,1,16.3,5.1,25.4
2264320,2,2024-01-25 07:24:31,2024-01-25 07:31:59,2,1.19,140,236,1,9.3,2.66,15.96
2265222,2,2024-01-25 07:38:23,2024-01-25 07:59:46,,7.9,166,138,0,34.22,0.0,42.66
2265389,1,2024-01-25 07:40:33,2024-01-25 07:49:35,1,1.7,230,239,1,10.0,2.8,16.8
2265402,2,2024-01-25 07:40:38,2024-01-25 08:30:15,4,8.53,138,169,1,50.6,12.81,78.6
2266953,2,2024-01-25 07:59:46,2024-01-25 08:07:35,1,1.51,151,239,1,10.0,2.8,16.8
2268576,1,2024-01-25 08:18:14,2024-01-25 08:36:07,,3.2,151,48,0,21.0,0.0,25.0
2270884,2,2024-01-25 08:41:19,2024-01-25 08:48:24,1,1.24,161,90,1,8.6,3.78,16.38
2271875,2,2024-01-25 08:50:25,2024-01-25 09:01:49,1,0.76,162,163,1,10.7,3.67,18.37
2279450,2,2024-01-25 10:10:20,2024-01-25 10:16:54,1,0.71,68,246,1,7.9,2.38,14.28
2280140,2,2024-01-25 10:18:21,2024-01-25 10:27:35,1,1.17,125,79,1,10.0,2.8,16.8
2280532,2,2024-01-25 10:22:46,2024-01-25 10:36:10,1,4.67,141,4,1,21.2,3.78,28.98
2280697,1,2024-01-25 10:25:09,2024-01-25 10:30:12,1,0.7,237,141,2,6.5,0.0,10.5
2281847,2,2024-01-25 10:38:48,2024-01-25 10:52:49,1,1.35,161,142,1,13.5,4.38,21.88
2283154,2,2024-01-25 10:55:06,2024-01-25 11:11:50,1,1.44,230,162,1,14.9,3.78,22.68
2284075,2,2024-01-25 11:06:17,2024-01-25 11:12:04,1,0.42,140,141,1,7.2,1.12,12.32
2284123,2,2024-01-25 11:06:49,2024-01-25 12:10:59,1,18.35,132,161,1,70.0,16.19,98.88
2285588,1,2024-01-25 11:24:21,2024-01-25 11:35:11,1,1.4,239,151,2,12.1,0.0,16.1
2287125,1,2024-01-25 11:42:26,2024-01-25 11:51:48,1,1.6,116,166,1,11.4,0.0,12.9
2289322,1,2024-01-25 12:07:50,2024-01-25 12:17:00,1,1.7,223,223,1,16.5,0.0,18.0
2289420,2,2024-01-25 12:09:03,2024-01-25 12:30:15,1,1.47,237,142,1,19.1,4.62,27.72
2290444,2,2024-01-25 12:20:19,2024-01-25 12:38:14,1,7.79,132,63,1,31.7,6.64,41.59
2291427,2,2024-01-25 12:31:08,2024-01-25 12:50:32,2,4.5,161,151,1,23.3,8.19,35.49
2293687,2,2024-01-25 12:55:19,2024-01-25 13:37:04,2,17.44,70,100,1,70.9,5.0,91.84
2296886,2,2024-01-25 13:31:06,2024-01-25 13:52:07,1,1.4,161,140,1,18.4,4.48,26.88
2297118,1,2024-01-25 13:33:19,2024-01-25 14:01:14,1,4.9,26,55,1,26.5,0.0,28.0
2298923,2,2024-01-25 13:51:42,2024-01-25 14:02:50,1,1.11,163,229,2,11.4,0.0,15.4
2299044,1,2024-01-25 13:52:54,2024-01-25 14:41:04,4,18.8,132,90,1,70.0,8.0,90.69
2300809,1,2024-01-25 14:11:12,2024-01-25 14:46:34,0,11.3,138,170,1,47.8,13.05,78.54
2302345,1,2024-01-25 14:25:53,2024-01-25 14:31:49,2,0.6,237,140,1,7.2,2.2,13.4
2304115,1,2024-01-25 14:42:04,2024-01-25 14:57:27,1,1.3,237,229,1,14.2,5.0,23.2
2305255,2,2024-01-25 14:52:40,2024-01-25 15:23:04,3,5.41,142,144,1,31.7,7.14,42.84
2305654,1,2024-01-25 14:56:20,2024-01-25 15:09:12,1,1.9,162,113,1,13.5,5.25,22.75
2305896,2,2024-01-25 14:58:53,2024-01-25 15:13:42,1,0.53,164,186,1,12.8,4.2,21.0
2306950,2,2024-01-25 15:08:50,2024-01-25 15:29:35,1,3.13,264,264,1,21.2,1.0,26.2
2307828,2,2024-01-25 15:17:01,2024-01-25 15:34:01,1,1.93,238,75,1,16.3,4.06,24.36
2309105,1,2024-01-25 15:28:30,2024-01-25 15:39:33,1,1.2,234,230,2,10.0,0.0,14.0
2310361,2,2024-01-25 15:40:05,2024-01-25 15:50:51,1,1.28,161,234,1,10.7,2.0,16.7
2310555,2,2024-01-25 15:41:49,2024-01-25 15:45:56,1,0.39,114,249,1,5.8,2.0,11.8
2310714,2,2024-01-25 15:42:57,2024-01-25 16:02:29,4,2.26,262,161,1,19.1,3.46,26.56
2311465,2,2024-01-25 15:49:48,2024-01-25 16:00:58,1,1.68,87,211,1,12.1,2.0,18.1
2311751,1,2024-01-25 15:52:36,2024-01-25 16:26:59,,8.3,70,140,0,40.8,5.85,64.34
2311940,1,2024-01-25 15:54:05,2024-01-25 16:27:59,1,8.9,138,230,1,40.8,5.0,63.49
2314871,2,2024-01-25 16:21:04,2024-01-25 16:44:01,1,4.41,13,230,2,24.7,0.0,31.2
2315267,2,2024-01-25 16:25:05,2024-01-25 16:35:37,2,1.49,140,262,2,11.4,0.0,17.9
2315456,2,2024-01-25 16:27:06,2024-01-25 16:59:56,1,5.52,13,162,1,32.4,7.78,46.68
2319978,1,2024-01-25 17:08:38,2024-01-25 17:12:42,1,0.7,230,142,1,6.5,1.5,14.5
2320461,2,2024-01-25 17:12:34,2024-01-25 17:18:23,5,1.13,236,239,1,7.9,2.88,17.28
2320557,1,2024-01-25 17:13:16,2024-01-25 17:38:38,1,3.7,249,163,1,25.4,6.35,38.25
2321873,1,2024-01-25 17:24:18,2024-01-25 17:32:09,1,0.6,161,237,1,7.9,2.9,17.3
2323062,2,2024-01-25 17:33:49,2024-01-25 17:45:03,1,1.81,246,143,1,12.1,1.86,20.46
2325791,2,2024-01-25 17:53:47,2024-01-25 18:30:18,1,9.17,170,138,1,40.8,11.85,71.09
2327257,2,2024-01-25 18:05:00,2024-01-25 18:16:41,1,1.17,100,162,1,11.4,3.58,21.48
2329521,2,2024-01-25 18:20:30,2024-01-25 18:26:08,1,0.67,125,249,1,7.2,2.47,16.17
2329900,2,2024-01-25 18:22:58,2024-01-25 18:45:15,1,3.08,113,33,1,19.8,5.26,31.56
2330477,2,2024-01-25 18:26:51,2024-01-25 18:51:48,1,7.86,138,236,1,35.2,6.0,61.39
2333930,1,2024-01-25 18:50:31,2024-01-25 18:59:04,1,3.4,236,233,2,15.6,0.0,22.1
2334368,1,2024-01-25 18:53:51,2024-01-25 18:58:27,1,1.0,233,137,1,7.2,1.0,14.7
2335276,2,2024-01-25 19:00:31,2024-01-25 19:16:30,1,1.57,158,107,1,14.9,4.28,25.68
2335639,2,2024-01-25 19:03:18,2024-01-25 19:20:31,1,3.2,262,143,1,19.1,3.84,29.44
2336446,2,2024-01-25 19:09:48,2024-01-25 19:11:18,1,0.22,231,231,1,3.7,2.04,12.24
2336951,2,2024-01-25 19:13:38,2024-01-25 19:19:38,1,1.17,141,229,4,-8.6,0.0,-15.1
2337639,1,2024-01-25 19:19:05,2024-01-25 19:38:13,1,2.1,79,170,1,17.7,0.0,24.2
2341075,2,2024-01-25 19:49:25,2024-01-25 19:56:53,1,1.46,231,113,1,9.3,3.16,18.96
2341141,1,2024-01-25 19:49:58,2024-01-25 19:58:14,1,0.8,68,249,1,9.3,2.85,17.15
2342996,2,2024-01-25 20:06:58,2024-01-25 20:38:25,2,18.95,132,33,1,69.5,14.4,88.15
2343644,2,2024-01-25 20:12:49,2024-01-25 20:30:57,1,2.58,163,249,1,17.7,4.84,29.04
2344038,2,2024-01-25 20:16:19,2024-01-25 20:33:33,1,0.0,164,238,2,14.9,0.0,19.9
2344491,2,2024-01-25 20:20:03,2024-01-25 20:23:45,1,0.51,68,68,1,5.8,2.16,12.96
2344564,1,2024-01-25 20:20:48,2024-01-25 20:49:31,1,3.5,48,211,1,23.3,5.65,33.95
2345923,2,2024-01-25 20:32:43,2024-01-25 20:49:12,2,8.29,138,236,1,33.1,7.77,59.56
2347112,2,2024-01-25 20:43:41,2024-01-25 20:50:39,1,1.97,161,236,1,10.7,2.58,19.78
2347958,2,2024-01-25 20:51:45,2024-01-25 21:08:00,,0.0,80,232,0,19.15,2.32,25.47
2348399,2,2024-01-25 20:55:27,2024-01-25 21:31:02,1,6.75,261,188,1,36.6,7.4,49.0
2348528,1,2024-01-25 20:56:38,2024-01-25 21:06:01,,1.3,125,113,0,10.7,3.14,18.84
2348657,2,2024-01-25 20:57:34,2024-01-25 21:12:18,1,9.52,138,229,1,35.9,10.57,65.16
2348966,1,2024-01-25 21:00:10,2024-01-25 21:15:45,1,2.0,142,170,1,13.5,4.65,23.15
2350450,2,2024-01-25 21:13:19,2024-01-25 21:48:20,2,18.62,132,114,1,70.0,16.19,98.88
2353370,2,2024-01-25 21:37:46,2024-01-25 21:49:09,1,1.03,233,48,1,11.4,3.0,19.4
2354812,2,2024-01-25 21:49:09,2024-01-25 22:17:21,1,6.1,209,50,1,33.1,2.0,40.1
2355913,2,2024-01-25 21:58:26,2024-01-25 22:11:02,2,1.99,161,239,1,14.2,2.8,22.0
2356034,2,2024-01-25 21:59:19,2024-01-25 22:16:02,1,2.66,164,140,1,17.0,4.4,26.4
2356204,2,2024-01-25 22:00:38,2024-01-25 22:19:10,2,2.77,164,236,1,17.7,1.5,24.2
2356539,2,2024-01-25 22:03:16,2024-01-25 22:31:28,,4.07,107,143,0,26.62,0.0,30.62
2356746,2,2024-01-25 22:05:01,2024-01-25 22:22:07,1,3.17,230,262,1,18.4,4.68,28.08
2357061,2,2024-01-25 22:07:31,2024-01-25 22:16:57,2,2.31,231,33,1,13.5,5.55,24.05
2358037,1,2024-01-25 22:15:00,2024-01-25 22:27:08,1,1.8,161,234,1,12.8,3.55,21.35
2358609,2,2024-01-25 22:19:32,2024-01-25 22:27:32,1,0.91,161,48,1,9.3,1.43,15.73
2360778,1,2024-01-25 22:38:27,2024-01-25 22:45:10,1,1.0,231,13,1,7.9,2.6,15.5
2364183,2,2024-01-25 23:13:31,2024-01-25 23:26:59,1,3.0,79,163,1,17.0,0.0,22.0
2364588,1,2024-01-25 23:17:50,2024-01-25 23:44:35,1,4.9,164,179,1,27.5,7.85,47.29
2364589,1,2024-01-25 23:17:51,2024-01-25 23:24:26,1,1.2,137,113,1,7.9,1.29,14.19
2365165,1,2024-01-25 23:24:08,2024-01-25 23:41:40,1,2.5,230,140,1,15.6,1.0,21.6
2366731,2,2024-01-25 23:46:15,2024-01-25 23:56:11,1,1.63,186,79,1,11.4,4.1,20.5
2367061,1,2024-01-25 23:50:47,2024-01-25 23:54:34,2,0.8,107,170,1,5.8,2.15,12.95
2368464,2,2024-01-26 00:17:01,2024-01-26 00:34:10,6,5.2,148,141,1,24.7,3.0,32.7
2370860,2,2024-01-26 01:20:26,2024-01-26 01:25:36,1,1.04,211,45,2,7.2,0.0,12.2
2371040,2,2024-01-26 01:28:08,2024-01-26 01:42:52,1,2.24,68,79,1,15.6,4.12,24.72
2373169,1,2024-01-26 04:25:40,2024-01-26 04:37:42,1,3.2,161,262,1,16.3,3.5,24.8
2374456,2,2024-01-26 06:19:06,2024-01-26 06:23:07,1,0.66,48,230,2,5.8,0.0,9.8
2379271,2,2024-01-26 07:54:11,2024-01-26 08:00:30,1,0.9,236,236,1,7.9,2.98,14.88
2379818,2,2024-01-26 08:01:12,2024-01-26 08:09:47,,3.17,170,232,0,14.44,0.0,18.44
2382305,2,2024-01-26 08:32:36,2024-01-26 09:17:37,2,20.06,236,1,1,97.9,17.14,131.42
2384237,2,2024-01-26 08:57:35,2024-01-26 09:02:39,1,0.83,137,162,1,7.2,2.24,13.44
2384941,2,2024-01-26 09:06:35,2024-01-26 09:18:46,1,0.88,43,229,1,11.4,3.08,18.48
2385525,2,2024-01-26 09:14:32,2024-01-26 09:21:51,1,1.45,142,161,1,10.0,2.8,16.8
2386574,2,2024-01-26 09:28:10,2024-01-26 09:42:54,1,2.32,140,74,1,15.6,4.9,24.5
2386716,2,2024-01-26 09:30:14,2024-01-26 09:43:07,1,2.02,239,24,1,13.5,2.0,19.5
2387354,1,2024-01-26 09:38:30,2024-01-26 09:42:01,,0.3,142,142,0,20.22,0.0,24.22
2387911,2,2024-01-26 09:45:42,2024-01-26 09:52:46,1,1.17,229,163,1,8.6,1.0,13.6
2388705,1,2024-01-26 09:55:48,2024-01-26 10:21:11,1,4.8,262,90,1,27.5,6.3,37.8
2390108,2,2024-01-26 10:12:12,2024-01-26 10:21:27,1,1.31,234,114,1,10.0,2.0,16.0
2390342,2,2024-01-26 10:14:35,2024-01-26 10:21:17,1,0.67,163,237,1,7.9,2.38,14.28
2390444,2,2024-01-26 10:15:55,2024-01-26 11:00:56,1,9.77,138,113,1,49.2,6.69,73.58
2391769,1,2024-01-26 10:32:20,2024-01-26 10:47:46,1,2.0,76,222,1,18.5,0.0,20.0
2391986,1,2024-01-26 10:34:50,2024-01-26 10:45:37,1,1.3,151,143,1,10.0,1.4,15.4
2393102,2,2024-01-26 10:46:53,2024-01-26 11:03:31,1,1.43,161,141,2,14.9,0.0,18.9
2394368,1,2024-01-26 11:02:04,2024-01-26 11:26:29,2,3.5,142,107,2,20.5,0.0,24.5
2395637,1,2024-01-26 11:18:40,2024-01-26 11:24:13,1,0.6,148,79,1,5.8,3.0,12.8
2397222,2,2024-01-26 11:38:41,2024-01-26 11:57:14,1,5.25,138,171,1,24.7,6.24,39.19
2397967,2,2024-01-26 11:47:05,2024-01-26 11:50:35,1,0.59,151,238,1,5.8,1.5,11.3
2399573,2,2024-01-26 12:04:37,2024-01-26 12:19:53,1,1.51,170,68,1,14.2,1.82,20.02
2399827,2,2024-01-26 12:07:50,2024-01-26 12:34:46,1,7.13,52,68,1,33.8,8.95,53.69
2399979,2,2024-01-26 12:09:38,2024-01-26 12:43:23,1,7.78,186,65,1,39.4,8.68,52.08
2400966,2,2024-01-26 12:21:09,2024-01-26 12:29:46,1,0.53,43,236,1,8.6,2.52,15.12
2401759,1,2024-01-26 12:29:57,2024-01-26 12:35:20,1,1.0,238,239,1,7.2,2.2,13.4
2404488,2,2024-01-26 13:00:17,2024-01-26 13:24:13,1,2.83,246,162,1,22.6,5.32,31.92
2405181,2,2024-01-26 13:07:56,2024-01-26 13:21:01,2,2.65,68,161,1,14.9,3.78,22.68
2405688,2,2024-01-26 13:13:43,2024-01-26 13:19:35,1,0.85,237,236,2,7.2,0.0,11.2
2406449,2,2024-01-26 13:21:48,2024-01-26 13:29:33,1,1.58,237,236,1,10.7,2.2,16.9
2407217,1,2024-01-26 13:29:56,2024-01-26 13:38:11,1,0.9,230,186,1,8.6,2.5,15.1
2407689,2,2024-01-26 13:34:53,2024-01-26 13:59:06,1,14.46,132,27,1,54.1,15.2,77.75
2408326,1,2024-01-26 13:41:29,2024-01-26 13:51:08,1,0.9,161,170,1,9.3,2.65,15.95
2410021,2,2024-01-26 13:58:14,2024-01-26 14:05:59,1,0.92,236,237,1,8.6,2.0,14.6
2410167,2,2024-01-26 13:59:38,2024-01-26 14:16:28,1,2.85,162,249,1,17.7,4.34,26.04
2410941,1,2024-01-26 14:06:39,2024-01-26 14:28:06,1,1.9,161,143,1,18.4,4.48,26.88
2412319,1,2024-01-26 14:20:00,2024-01-26 14:41:26,1,2.7,236,161,1,20.5,4.9,29.4
2418069,2,2024-01-26 15:13:41,2024-01-26 16:05:31,1,13.61,132,61,1,63.2,10.0,76.45
2418870,2,2024-01-26 15:20:59,2024-01-26 15:32:57,1,1.02,230,186,1,11.4,3.08,18.48
2419252,2,2024-01-26 15:24:38,2024-01-26 15:32:59,1,0.99,107,224,1,9.3,2.66,15.96
2419262,1,2024-01-26 15:24:43,2024-01-26 15:41:56,1,2.3,234,161,1,14.9,3.75,22.65
2420500,2,2024-01-26 15:36:06,2024-01-26 15:45:10,1,0.92,236,141,2,10.0,0.0,14.0
2421615,1,2024-01-26 15:46:41,2024-01-26 16:39:23,1,9.7,75,34,2,54.8,0.0,61.3
2422967,1,2024-01-26 15:59:26,2024-01-26 16:13:26,1,1.6,144,90,1,13.5,4.0,24.0
2423120,1,2024-01-26 16:00:49,2024-01-26 16:06:18,2,0.8,236,75,1,7.9,1.19,13.09
2423881,2,2024-01-26 16:08:10,2024-01-26 16:19:31,,2.31,239,41,0,20.86,0.0,24.86
2424633,2,2024-01-26 16:15:33,2024-01-26 16:19:19,1,0.99,233,229,1,6.5,0.5,13.5
2425209,2,2024-01-26 16:21:01,2024-01-26 16:34:44,1,1.59,100,237,1,13.5,2.0,22.0
2425383,2,2024-01-26 16:22:42,2024-01-26 16:49:57,1,2.64,236,100,1,24.0,3.05,33.55
2428505,1,2024-01-26 16:52:03,2024-01-26 17:40:05,1,9.1,138,68,1,51.3,14.25,85.74
2429243,2,2024-01-26 16:59:02,2024-01-26 17:15:37,1,2.7,141,161,1,17.0,3.52,27.02
2430332,2,2024-01-26 17:09:04,2024-01-26 17:19:33,1,1.21,249,107,1,10.7,3.44,20.64
2430561,2,2024-01-26 17:11:10,2024-01-26 17:18:25,1,0.98,161,186,2,8.6,0.0,15.1
2430873,2,2024-01-26 17:13:40,2024-01-26 18:05:30,1,16.92,68,132,1,70.0,17.19,103.13
2431238,2,2024-01-26 17:16:38,2024-01-26 17:25:46,2,1.25,237,162,2,10.0,0.0,16.5
2432644,2,2024-01-26 17:28:55,2024-01-26 17:37:53,6,1.26,68,50,1,10.0,3.3,19.8
2433246,2,2024-01-26 17:34:09,2024-01-26 18:02:48,1,4.29,113,236,1,27.5,6.8,40.8
2433386,2,2024-01-26 17:35:19,2024-01-26 17:46:06,2,1.73,43,142,1,12.1,3.72,22.32
2434258,1,2024-01-26 17:42:44,2024-01-26 18:01:02,1,1.4,161,234,2,14.9,0.0,21.4
2435694,2,2024-01-26 17:55:04,2024-01-26 18:20:49,3,2.77,43,48,1,22.6,5.82,34.92
2436285,2,2024-01-26 18:00:02,2024-01-26 18:03:54,2,0.64,234,186,2,5.8,0.0,12.3
2437288,2,2024-01-26 18:09:06,2024-01-26 18:22:50,1,1.43,237,142,1,13.5,4.0,24.0
2437456,2,2024-01-26 18:10:32,2024-01-26 18:40:40,1,3.39,79,48,1,26.8,6.66,39.96
2438549,2,2024-01-26 18:19:31,2024-01-26 18:37:57,2,2.03,237,239,1,17.7,4.0,28.2
2441785,2,2024-01-26 18:46:15,2024-01-26 18:53:30,1,0.86,75,236,1,8.6,3.02,18.12
2442467,2,2024-01-26 18:52:01,2024-01-26 18:57:13,1,0.52,246,246,2,6.5,0.0,13.0
2442614,2,2024-01-26 18:53:11,2024-01-26 19:00:44,1,0.5,231,13,1,7.9,2.0,16.4
2443237,2,2024-01-26 18:58:27,2024-01-26 19:01:56,2,0.64,141,237,1,5.8,2.46,14.76
2446840,2,2024-01-26 19:28:29,2024-01-26 19:46:08,1,1.62,186,233,2,15.6,0.0,22.1
2447986,2,2024-01-26 19:38:27,2024-01-26 19:45:41,3,0.92,113,211,2,7.9,0.0,14.4
2448041,2,2024-01-26 19:38:52,2024-01-26 19:51:17,1,1.34,114,246,1,12.1,3.72,22.32
2449189,1,2024-01-26 19:49:33,2024-01-26 20:05:34,1,4.2,13,148,1,21.9,5.0,33.4
2450717,2,2024-01-26 20:04:56,2024-01-26 20:16:45,2,1.36,144,249,1,11.4,0.16,16.56
2451803,1,2024-01-26 20:16:56,2024-01-26 20:28:12,3,2.4,234,232,1,13.5,4.6,23.1
2452208,2,2024-01-26 20:20:34,2024-01-26 20:28:29,1,1.51,141,137,1,10.0,3.0,18.0
2456081,2,2024-01-26 21:06:04,2024-01-26 21:16:26,1,1.45,107,233,1,11.4,3.28,19.68
2456292,2,2024-01-26 21:08:28,2024-01-26 21:18:37,1,0.79,125,144,1,10.0,2.25,17.25
2456423,1,2024-01-26 21:09:50,2024-01-26 21:34:04,,2.5,233,68,0,17.72,0.0,21.72
2459647,1,2024-01-26 21:44:37,2024-01-26 21:51:52,1,2.4,140,137,1,12.8,3.55,21.35
2459837,2,2024-01-26 21:46:25,2024-01-26 22:04:24,1,2.39,48,107,1,17.7,5.67,28.37
2460223,1,2024-01-26 21:50:32,2024-01-26 22:08:43,2,8.4,138,164,1,34.5,7.0,60.19
2461120,2,2024-01-26 21:58:43,2024-01-26 22:16:19,2,2.77,79,162,1,18.4,3.0,26.4
2461548,2,2024-01-26 22:02:33,2024-01-26 22:17:04,2,1.37,234,170,2,13.5,0.0,18.5
2462132,1,2024-01-26 22:07:59,2024-01-26 22:20:28,1,2.1,43,238,1,12.8,3.55,21.35
2463455,2,2024-01-26 22:21:26,2024-01-26 22:28:20,1,1.05,233,170,1,8.6,2.04,15.64
2463867,1,2024-01-26 22:25:22,2024-01-26 22:37:43,3,2.1,162,140,4,12.1,0.0,17.1
2464464,1,2024-01-26 22:30:57,2024-01-26 22:46:51,2,2.9,263,233,2,17.0,0.0,22.0
2465047,1,2024-01-26 22:36:42,2024-01-26 22:36:46,1,2.1,211,211,3,3.0,0.0,8.0
2465750,2,2024-01-26 22:43:39,2024-01-26 22:59:51,1,2.55,141,164,1,16.3,4.26,25.56
2467075,2,2024-01-26 22:55:19,2024-01-26 23:06:43,1,3.57,262,107,2,17.7,0.0,22.7
2467773,2,2024-01-26 23:02:05,2024-01-26 23:12:21,1,3.89,138,179,2,17.7,0.0,26.95
2469224,2,2024-01-26 23:16:11,2024-01-26 23:28:03,1,1.69,142,162,1,12.8,2.0,19.8
2470155,2,2024-01-26 23:25:30,2024-01-26 23:38:51,2,2.11,68,230,2,14.2,0.0,19.2
2471054,2,2024-01-26 23:34:39,2024-01-26 23:52:55,1,3.22,234,140,1,19.8,4.96,29.76
2471112,2,2024-01-26 23:35:17,2024-01-26 23:47:07,2,1.24,158,79,1,12.1,3.42,20.52
2473136,2,2024-01-26 23:57:23,2024-01-27 00:02:45,1,0.92,144,231,1,7.2,2.44,14.64
2473958,2,2024-01-27 00:05:59,2024-01-27 00:32:16,1,6.6,170,116,1,29.6,6.92,41.52
2474141,2,2024-01-27 00:07:51,2024-01-27 00:16:33,1,1.87,107,162,1,11.4,3.28,19.68
2474840,2,2024-01-27 00:15:56,2024-01-27 00:41:54,1,5.43,211,239,1,28.9,3.5,37.4
2475007,2,2024-01-27 00:17:57,2024-01-27 00:22:59,2,2.12,132,132,1,10.7,2.64,17.59
2476452,2,2024-01-27 00:35:02,2024-01-27 00:42:46,1,1.35,231,79,1,9.3,0.0,14.3
2476872,2,2024-01-27 00:40:21,2024-01-27 00:56:40,1,2.49,114,162,1,17.0,4.4,26.4
2476960,1,2024-01-27 00:41:25,2024-01-27 00:49:07,2,1.2,249,79,1,7.9,2.55,15.45
2477048,2,2024-01-27 00:42:31,2024-01-27 01:09:53,1,6.17,90,61,1,31.0,7.2,43.2
2479483,2,2024-01-27 01:13:29,2024-01-27 01:22:22,1,1.67,234,246,1,10.7,3.92,19.62
2480314,2,2024-01-27 01:24:15,2024-01-27 01:30:01,1,2.1,231,33,1,10.7,3.14,18.84
2480528,2,2024-01-27 01:27:22,2024-01-27 01:43:31,2,3.17,79,48,1,18.4,4.68,28.08
2481552,1,2024-01-27 01:42:38,2024-01-27 01:49:55,1,0.8,79,79,1,7.2,2.45,14.65
2488046,2,2024-01-27 03:54:51,2024-01-27 03:58:31,1,0.83,107,233,1,5.8,1.0,11.8
2489204,1,2024-01-27 04:52:48,2024-01-27 05:01:24,2,1.7,144,87,1,10.0,2.0,17.0
2489613,1,2024-01-27 05:39:00,2024-01-27 06:35:53,2,23.1,231,132,1,70.0,11.1,85.1
2489939,1,2024-01-27 06:19:25,2024-01-27 06:52:57,1,17.9,132,263,1,70.0,15.0,89.0
2491492,2,2024-01-27 07:55:23,2024-01-27 07:59:35,1,1.28,107,161,1,7.2,2.24,13.44
2491816,2,2024-01-27 08:08:00,2024-01-27 08:08:48,1,0.3,162,229,1,3.7,2.31,10.01
2492940,2,2024-01-27 08:43:02,2024-01-27 08:52:05,1,3.17,263,107,1,14.2,3.64,21.84
2495175,1,2024-01-27 09:30:11,2024-01-27 09:34:04,1,0.7,237,141,1,6.5,2.1,12.6
2496791,2,2024-01-27 09:56:43,2024-01-27 10:12:00,2,3.41,261,246,1,18.4,22.62,45.02
2497701,2,2024-01-27 10:11:38,2024-01-27 10:26:27,1,3.63,41,161,1,18.4,4.48,26.88
2498380,1,2024-01-27 10:21:31,2024-01-27 10:28:42,1,1.5,163,68,1,9.3,2.65,15.95
2499659,1,2024-01-27 10:39:40,2024-01-27 10:49:47,1,1.8,186,158,1,12.1,3.2,19.3
2499760,1,2024-01-27 10:41:06,2024-01-27 10:59:27,1,5.3,230,202,1,24.7,4.0,32.7
2499894,2,2024-01-27 10:42:32,2024-01-27 10:48:09,1,0.76,100,246,2,7.2,0.0,11.2
2501067,2,2024-01-27 10:56:58,2024-01-27 11:13:07,2,1.53,161,142,1,15.6,3.92,23.52
2501978,1,2024-01-27 11:08:26,2024-01-27 11:17:18,1,1.1,263,75,1,9.3,2.65,15.95
2502997,2,2024-01-27 11:21:18,2024-01-27 11:37:26,1,1.89,230,50,2,15.6,0.0,19.6
2506212,2,2024-01-27 11:57:20,2024-01-27 12:28:55,1,3.73,68,263,1,27.5,1.5,33.0
2506259,2,2024-01-27 11:57:48,2024-01-27 12:02:20,1,0.54,264,264,2,6.5,0.0,10.5
2506351,2,2024-01-27 11:58:52,2024-01-27 12:01:40,1,0.63,236,236,1,5.1,1.82,10.92
2508487,1,2024-01-27 12:21:58,2024-01-27 12:26:54,2,0.8,48,246,1,6.5,2.1,12.6
2510741,2,2024-01-27 12:44:29,2024-01-27 12:56:18,1,1.91,229,48,1,12.8,5.04,21.84
2512231,2,2024-01-27 12:58:13,2024-01-27 13:11:35,1,1.96,161,142,1,14.2,4.55,22.75
2512372,2,2024-01-27 12:59:39,2024-01-27 13:12:55,2,1.63,186,163,1,12.8,3.36,20.16
2513786,2,2024-01-27 13:13:41,2024-01-27 13:27:28,1,2.65,246,238,1,17.0,2.0,23.0
2518169,2,2024-01-27 13:55:53,2024-01-27 14:04:45,1,1.56,107,211,1,10.7,2.94,17.64
2518304,1,2024-01-27 13:57:13,2024-01-27 14:09:52,1,1.5,158,114,1,12.8,3.35,20.15
2518406,2,2024-01-27 13:58:11,2024-01-27 14:19:58,1,5.71,163,116,1,28.9,1.0,33.9
2518526,1,2024-01-27 13:59:23,2024-01-27 14:09:39,3,1.3,137,234,1,10.7,2.9,17.6
2518634,2,2024-01-27 14:00:28,2024-01-27 14:06:00,1,1.0,141,262,1,7.2,2.24,13.44
2518857,2,2024-01-27 14:02:55,2024-01-27 14:47:39,3,12.47,230,138,2,57.6,0.0,73.54
2520379,1,2024-01-27 14:17:49,2024-01-27 14:41:56,1,2.5,239,100,1,21.2,5.04,30.24
2520920,1,2024-01-27 14:23:19,2024-01-27 14:35:02,1,5.8,239,244,2,24.0,0.0,28.0
2522473,2,2024-01-27 14:38:59,2024-01-27 15:03:07,,4.34,137,74,0,26.84,0.0,30.84
2522502,2,2024-01-27 14:39:20,2024-01-27 14:49:31,2,1.18,142,161,2,10.7,0.0,14.7
2523359,2,2024-01-27 14:47:18,2024-01-27 14:52:39,1,1.01,68,246,1,7.2,2.8,14.0
2524099,2,2024-01-27 14:53:41,2024-01-27 15:03:29,1,0.97,164,161,1,10.0,2.0,16.0
2524685,2,2024-01-27 14:59:19,2024-01-27 15:09:54,1,1.71,163,143,1,12.1,3.22,19.32
2525157,2,2024-01-27 15:03:43,2024-01-27 15:09:52,1,1.38,238,75,1,9.3,2.7,13.5
2525899,2,2024-01-27 15:10:30,2024-01-27 15:15:34,1,0.84,141,229,2,6.5,0.0,10.5
2526105,2,2024-01-27 15:12:27,2024-01-27 15:38:06,1,3.0,87,186,1,22.6,3.99,30.59
2526895,2,2024-01-27 15:19:59,2024-01-27 15:32:51,,1.69,231,113,0,11.14,0.0,15.14
2527412,1,2024-01-27 15:25:25,2024-01-27 15:29:59,1,0.8,238,24,1,7.2,2.2,13.4
2527782,2,2024-01-27 15:29:10,2024-01-27 15:37:35,2,1.44,230,142,1,10.0,2.8,16.8
2528742,2,2024-01-27 15:39:12,2024-01-27 15:57:21,2,1.91,232,234,1,16.3,4.06,24.36
2529500,1,2024-01-27 15:46:40,2024-01-27 16:03:22,1,1.4,246,161,1,12.8,4.2,21.0
2533061,2,2024-01-27 16:20:37,2024-01-27 16:35:14,1,1.57,211,107,1,14.2,3.64,21.84
2533837,2,2024-01-27 16:27:44,2024-01-27 16:35:26,1,0.73,45,13,1,7.9,2.38,14.28
2535462,2,2024-01-27 16:42:22,2024-01-27 16:55:15,1,1.18,249,186,2,12.8,0.0,16.8
2536341,2,2024-01-27 16:49:53,2024-01-27 16:57:04,1,1.17,164,249,4,8.6,0.0,12.6
2537147,2,2024-01-27 16:56:45,2024-01-27 17:02:30,1,1.09,170,234,2,8.6,0.0,12.6
2539760,1,2024-01-27 17:21:11,2024-01-27 17:31:41,1,1.6,142,141,1,10.0,3.5,17.5
2541488,1,2024-01-27 17:37:13,2024-01-27 17:46:59,1,1.1,68,186,1,10.7,2.9,17.6
2542259,1,2024-01-27 17:44:27,2024-01-27 17:49:47,1,0.8,142,143,1,6.5,1.0,11.5
2542850,2,2024-01-27 17:49:41,2024-01-27 18:00:15,3,1.21,161,50,1,10.7,2.94,17.64
2543260,2,2024-01-27 17:53:27,2024-01-27 18:03:55,1,1.54,43,163,1,11.4,2.0,17.4
2544135,2,2024-01-27 18:00:45,2024-01-27 18:18:41,1,3.92,142,116,1,20.5,4.9,29.4
2545023,2,2024-01-27 18:08:37,2024-01-27 18:08:47,2,0.0,114,114,4,-70.0,0.0,-74.0
2545715,2,2024-01-27 18:13:59,2024-01-27 18:25:19,2,1.66,163,239,1,12.1,0.0,16.1
2545999,2,2024-01-27 18:16:22,2024-01-27 18:22:54,2,1.03,75,75,2,8.6,0.0,10.1
2546209,2,2024-01-27 18:18:11,2024-01-27 18:27:28,2,0.68,237,229,1,9.3,2.0,15.3
2546247,1,2024-01-27 18:18:29,2024-01-27 18:29:56,2,1.9,140,142,1,12.8,2.0,18.8
2547627,2,2024-01-27 18:30:36,2024-01-27 18:41:34,1,2.1,238,48,1,12.8,3.36,20.16
2547681,1,2024-01-27 18:30:58,2024-01-27 19:00:46,1,2.4,249,170,1,23.3,5.45,32.75
2548997,2,2024-01-27 18:42:36,2024-01-27 18:57:15,2,1.46,164,43,2,13.5,0.0,17.5
2549221,2,2024-01-27 18:44:30,2024-01-27 18:44:57,1,0.0,138,138,3,-3.0,0.0,-11.25
2551879,2,2024-01-27 19:06:35,2024-01-27 19:20:45,1,2.17,233,79,1,14.2,3.64,21.84
2552534,1,2024-01-27 19:12:00,2024-01-27 19:34:56,3,10.8,132,82,2,41.5,0.0,44.75
2553861,1,2024-01-27 19:23:22,2024-01-27 19:29:32,1,0.7,100,170,1,7.2,3.35,14.55
2554799,2,2024-01-27 19:31:49,2024-01-27 19:38:20,2,0.8,79,79,1,7.9,2.0,13.9
2555022,2,2024-01-27 19:33:54,2024-01-27 19:45:46,1,1.18,249,186,1,12.1,3.22,19.32
2555160,1,2024-01-27 19:35:20,2024-01-27 19:40:25,2,1.1,236,239,2,7.2,0.0,13.7
2556495,2,2024-01-27 19:48:01,2024-01-27 19:52:55,1,0.86,262,141,1,6.5,2.1,12.6
2558876,1,2024-01-27 20:13:38,2024-01-27 20:14:55,1,0.4,239,239,1,4.4,1.5,10.9
2559692,2,2024-01-27 20:22:45,2024-01-27 20:59:23,1,4.44,68,68,1,32.4,7.48,44.88
2561292,2,2024-01-27 20:41:41,2024-01-27 20:51:55,1,1.0,79,148,1,10.7,3.14,18.84
2561413,2,2024-01-27 20:43:12,2024-01-27 20:50:29,1,1.08,137,79,1,8.6,2.72,16.32
2566588,2,2024-01-27 21:32:20,2024-01-27 21:41:08,1,1.06,170,224,1,10.0,3.0,18.0
2567122,2,2024-01-27 21:37:05,2024-01-27 21:45:49,1,1.04,79,107,1,9.3,1.0,15.3
2567943,2,2024-01-27 21:44:19,2024-01-27 21:49:30,1,1.24,233,107,1,7.9,2.58,15.48
2569466,1,2024-01-27 21:57:31,2024-01-27 22:20:15,,0.0,116,142,0,20.82,0.0,24.82
2574421,1,2024-01-27 22:39:19,2024-01-27 23:01:49,1,3.1,239,170,2,20.5,0.0,25.5
2575162,2,2024-01-27 22:45:34,2024-01-27 23:11:37,2,1.16,230,50,1,21.2,0.0,26.2
2575285,1,2024-01-27 22:46:39,2024-01-27 23:12:21,1,6.2,170,231,1,28.2,6.65,39.85
2575354,2,2024-01-27 22:47:14,2024-01-27 23:00:44,1,1.42,100,50,1,12.8,3.56,21.36
2575423,2,2024-01-27 22:47:45,2024-01-27 22:58:10,1,1.21,234,164,1,10.7,3.14,18.84
2577443,2,2024-01-27 23:04:44,2024-01-27 23:26:50,2,3.57,114,97,1,22.6,5.52,33.12
2580312,2,2024-01-27 23:29:30,2024-01-28 00:10:56,1,4.6,164,256,1,37.3,4.23,46.53
2582770,2,2024-01-27 23:50:27,2024-01-28 00:21:45,1,10.16,189,7,1,45.7,3.0,51.2
2583441,2,2024-01-27 23:56:05,2024-01-28 00:01:14,1,0.64,164,90,1,6.5,2.3,13.8
2587174,2,2024-01-28 00:27:46,2024-01-28 01:02:29,2,9.61,88,151,1,46.4,2.0,53.4
2589768,1,2024-01-28 00:52:38,2024-01-28 01:00:05,1,1.1,144,231,1,9.3,2.15,16.45
2592670,2,2024-01-28 01:20:47,2024-01-28 01:25:37,1,0.69,249,211,1,6.5,2.3,13.8
2592919,2,2024-01-28 01:23:05,2024-01-28 01:37:36,3,2.74,144,162,1,16.3,4.26,25.56
2593250,2,2024-01-28 01:26:17,2024-01-28 01:37:25,1,1.77,246,79,1,12.1,3.42,20.52
2594877,2,2024-01-28 01:44:21,2024-01-28 02:05:39,1,3.79,158,170,1,21.9,2.0,28.9
2595674,1,2024-01-28 01:54:48,2024-01-28 02:02:24,2,0.7,148,79,1,8.6,2.7,16.3
2601757,2,2024-01-28 03:38:52,2024-01-28 03:48:18,1,1.78,48,143,1,11.4,0.0,16.4
2602976,2,2024-01-28 04:08:58,2024-01-28 04:21:08,1,1.73,246,137,1,12.8,2.0,19.8
2606345,2,2024-01-28 07:51:44,2024-01-28 07:56:18,1,0.84,234,79,2,7.2,0.0,11.2
2606571,2,2024-01-28 08:01:37,2024-01-28 08:19:03,2,10.89,157,132,1,87.0,0.8,89.3
2607727,1,2024-01-28 08:46:03,2024-01-28 08:47:30,1,0.5,239,142,1,4.4,2.1,10.5
2608554,2,2024-01-28 09:07:18,2024-01-28 09:37:01,1,12.71,161,138,1,49.9,13.17,79.01
2610098,2,2024-01-28 09:42:54,2024-01-28 09:45:57,1,1.02,141,141,2,6.5,0.0,10.5
2610570,1,2024-01-28 09:51:09,2024-01-28 10:01:21,2,1.7,162,246,1,11.4,5.0,20.4
2613468,2,2024-01-28 10:38:38,2024-01-28 10:45:07,,1.03,148,232,0,-1.0,0.0,3.0
2614839,1,2024-01-28 10:55:07,2024-01-28 11:05:51,1,2.6,137,142,1,13.5,3.5,21.0
2616082,1,2024-01-28 11:10:38,2024-01-28 11:22:53,1,1.6,246,164,1,11.4,5.09,20.49
2616165,2,2024-01-28 11:11:24,2024-01-28 11:22:44,1,2.51,211,186,2,13.5,0.0,17.5
2616487,2,2024-01-28 11:15:40,2024-01-28 11:19:37,1,0.66,162,161,1,6.5,2.1,12.6
2617187,1,2024-01-28 11:24:13,2024-01-28 11:35:15,1,1.8,164,68,1,12.1,3.2,19.3
2617276,2,2024-01-28 11:25:25,2024-01-28 11:30:58,1,1.23,162,237,1,7.9,1.0,12.9
2618436,2,2024-01-28 11:38:49,2024-01-28 11:44:02,1,0.64,186,246,3,-6.5,0.0,-10.5
2620488,2,2024-01-28 12:01:58,2024-01-28 12:27:55,1,10.68,230,70,1,45.0,12.19,73.13
2620682,2,2024-01-28 12:03:51,2024-01-28 12:17:32,1,4.07,263,107,1,19.8,4.76,28.56
2620833,2,2024-01-28 12:05:32,2024-01-28 12:21:49,1,1.98,90,230,2,15.6,0.0,19.6
2622156,2,2024-01-28 12:19:58,2024-01-28 12:38:49,1,3.15,238,246,1,19.8,2.0,25.8
2622573,2,2024-01-28 12:24:30,2024-01-28 12:39:05,1,5.0,166,246,1,24.0,5.6,33.6
2623666,2,2024-01-28 12:35:44,2024-01-28 12:49:59,1,0.76,230,230,2,12.8,0.0,16.8
2624308,2,2024-01-28 12:42:12,2024-01-28 13:02:12,1,2.99,186,125,1,20.5,4.9,29.4
2626089,2,2024-01-28 12:58:18,2024-01-28 13:02:56,1,0.32,68,48,2,5.8,0.0,9.8
2626277,2,2024-01-28 13:00:02,2024-01-28 13:30:31,2,16.06,132,123,2,61.1,0.0,64.35
2626714,2,2024-01-28 13:03:56,2024-01-28 13:19:32,1,1.44,100,234,1,14.9,1.89,20.79
2626834,2,2024-01-28 13:04:51,2024-01-28 13:14:13,3,1.04,186,161,1,10.0,2.8,16.8
2627346,2,2024-01-28 13:09:19,2024-01-28 13:32:55,1,4.78,232,161,1,28.2,8.05,40.25
2631050,2,2024-01-28 13:41:15,2024-01-28 14:07:00,1,4.3,249,143,1,25.4,5.88,35.28
2631831,2,2024-01-28 13:48:07,2024-01-28 14:14:12,1,10.1,230,138,1,42.2,11.63,69.77
2632977,1,2024-01-28 13:58:08,2024-01-28 14:09:22,1,1.6,142,236,1,12.1,3.22,19.32
2633140,2,2024-01-28 13:59:38,2024-01-28 14:06:04,5,0.78,234,164,2,7.9,0.0,11.9
2633849,2,2024-01-28 14:06:24,2024-01-28 14:21:31,,2.42,114,170,0,16.63,0.0,20.63
2634635,2,2024-01-28 14:13:35,2024-01-28 14:33:16,1,1.85,68,43,1,17.7,5.42,27.12
2635657,2,2024-01-28 14:22:45,2024-01-28 14:30:50,1,1.5,236,161,1,10.0,3.0,17.0
2638800,2,2024-01-28 14:52:22,2024-01-28 15:00:13,1,1.09,239,142,1,9.3,2.66,15.96
2639834,2,2024-01-28 15:01:59,2024-01-28 15:14:39,1,1.84,143,236,2,13.5,0.0,17.5
2640040,1,2024-01-28 15:03:54,2024-01-28 15:09:44,1,0.6,237,237,1,6.5,2.6,13.1
2640939,1,2024-01-28 15:12:28,2024-01-28 15:17:31,2,0.8,237,263,1,6.5,2.1,12.6
2642422,2,2024-01-28 15:28:15,2024-01-28 15:56:39,3,6.25,239,232,2,33.8,0.0,37.8
2642841,1,2024-01-28 15:32:55,2024-01-28 15:36:53,1,0.5,236,237,2,5.8,0.0,9.8
2645618,1,2024-01-28 16:02:15,2024-01-28 16:29:01,1,2.6,68,162,1,23.3,5.45,32.75
2645689,2,2024-01-28 16:02:59,2024-01-28 16:19:09,1,1.29,186,170,1,14.9,5.67,24.57
2645717,1,2024-01-28 16:03:15,2024-01-28 16:16:07,1,1.9,263,238,1,14.2,4.5,22.7
2646306,1,2024-01-28 16:09:42,2024-01-28 16:18:07,1,1.1,144,158,1,9.3,2.65,15.95
2646355,2,2024-01-28 16:10:19,2024-01-28 16:22:03,1,5.45,132,265,2,22.6,0.0,25.85
2648162,2,2024-01-28 16:31:42,2024-01-28 16:40:17,1,0.75,68,48,1,9.3,1.2,14.5
2649060,2,2024-01-28 16:41:17,2024-01-28 16:50:27,3,1.44,237,263,1,10.7,2.94,17.64
2650236,2,2024-01-28 16:53:56,2024-01-28 16:59:57,2,1.11,140,263,1,7.9,2.0,13.9
2650801,2,2024-01-28 16:59:36,2024-01-28 17:02:18,1,0.42,262,263,1,5.1,1.82,10.92
2651357,1,2024-01-28 17:05:47,2024-01-28 17:24:06,3,9.1,138,141,1,34.5,10.9,65.59
2652766,2,2024-01-28 17:22:09,2024-01-28 17:35:22,1,1.19,79,90,1,12.8,3.36,20.16
2653050,2,2024-01-28 17:25:28,2024-01-28 17:32:21,1,1.12,162,141,1,8.6,1.0,13.6
2654252,1,2024-01-28 17:39:12,2024-01-28 17:59:49,1,2.9,186,236,1,19.1,4.6,27.7
2655066,2,2024-01-28 17:48:08,2024-01-28 17:51:54,2,0.62,158,211,1,5.8,1.96,11.76
2656256,2,2024-01-28 18:01:03,2024-01-28 18:31:38,1,5.55,158,140,1,31.7,7.14,42.84
2657041,2,2024-01-28 18:10:00,2024-01-28 18:19:15,1,2.04,237,239,1,11.4,3.08,18.48
2658176,2,2024-01-28 18:22:11,2024-01-28 18:27:07,1,0.62,234,90,1,6.5,2.1,12.6
2658216,2,2024-01-28 18:22:47,2024-01-28 18:32:46,2,1.99,238,166,2,12.1,0.0,16.1
2660242,1,2024-01-28 18:48:04,2024-01-28 19:18:08,1,14.9,132,150,2,56.2,0.0,59.45
2660421,2,2024-01-28 18:50:27,2024-01-28 19:03:43,1,1.49,48,233,1,12.8,0.01,16.81
2660634,2,2024-01-28 18:53:16,2024-01-28 19:29:56,1,18.46,132,113,1,70.0,24.28,106.97
2660648,2,2024-01-28 18:53:28,2024-01-28 19:11:37,1,2.93,186,141,1,18.4,3.0,25.4
2661318,2,2024-01-28 19:03:30,2024-01-28 19:22:01,2,2.81,230,79,1,18.4,4.48,26.88
2661378,2,2024-01-28 19:04:35,2024-01-28 19:20:08,2,6.96,132,28,1,28.2,7.42,38.87
2662662,1,2024-01-28 19:23:58,2024-01-28 19:43:05,1,3.0,48,144,1,17.0,0.01,21.01
2663137,1,2024-01-28 19:31:38,2024-01-28 19:33:14,,0.6,263,236,0,4.4,1.68,10.08
2663308,1,2024-01-28 19:34:28,2024-01-28 19:47:58,2,1.8,107,249,1,13.5,4.0,24.0
2664115,2,2024-01-28 19:47:21,2024-01-28 19:57:13,1,1.25,114,90,1,10.7,1.47,16.17
2665731,2,2024-01-28 20:14:18,2024-01-28 20:27:50,,4.29,145,83,0,19.34,0.0,20.84
2665933,2,2024-01-28 20:16:46,2024-01-28 20:49:31,1,7.38,138,50,1,36.6,0.0,47.35
2666977,2,2024-01-28 20:33:22,2024-01-28 20:43:55,1,3.16,79,140,1,14.2,3.84,23.04
2668581,2,2024-01-28 20:59:10,2024-01-28 20:59:12,3,0.0,123,264,2,85.0,0.0,86.5
2668859,2,2024-01-28 21:03:30,2024-01-28 21:22:12,1,4.06,186,261,1,21.9,5.38,32.28
2669247,2,2024-01-28 21:09:34,2024-01-28 21:40:10,6,7.1,48,49,1,35.9,8.18,49.08
2671681,2,2024-01-28 21:54:20,2024-01-28 21:57:42,2,1.01,142,238,1,7.2,2.44,14.64
2672755,2,2024-01-28 22:10:36,2024-01-28 22:15:53,1,1.09,246,48,1,7.9,2.0,14.9
2672812,1,2024-01-28 22:11:23,2024-01-28 22:28:37,1,2.6,41,116,2,17.7,0.0,20.2
2672890,2,2024-01-28 22:12:52,2024-01-28 22:23:49,2,3.27,114,43,1,15.6,4.12,24.72
2672922,2,2024-01-28 22:13:36,2024-01-28 22:19:20,1,1.1,237,229,1,7.9,2.58,15.48
2673238,2,2024-01-28 22:19:57,2024-01-28 22:37:32,2,3.94,144,230,1,20.5,5.1,30.6
2676735,2,2024-01-29 00:00:31,2024-01-29 00:13:03,1,2.53,162,158,1,14.9,3.98,23.88
2678346,1,2024-01-29 01:54:08,2024-01-29 01:57:31,1,0.5,48,230,1,5.1,2.0,12.1
2678829,2,2024-01-29 03:51:54,2024-01-29 04:06:15,1,4.83,148,263,1,21.2,5.24,31.44
2679737,2,2024-01-29 05:58:02,2024-01-29 06:10:20,1,2.71,107,230,1,14.9,1.99,21.89
2680318,2,2024-01-29 06:30:26,2024-01-29 06:38:13,1,1.21,141,142,2,9.3,0.0,13.3
2681491,2,2024-01-29 07:07:06,2024-01-29 07:25:36,1,3.71,186,75,2,19.8,0.0,23.8
2684392,2,2024-01-29 07:59:00,2024-01-29 08:05:54,1,0.78,170,100,1,8.6,2.52,15.12
2685209,1,2024-01-29 08:10:55,2024-01-29 08:37:15,1,3.2,140,50,2,22.6,0.0,26.6
2686039,1,2024-01-29 08:22:44,2024-01-29 08:27:29,1,0.6,162,161,1,6.5,5.0,15.5
2687389,2,2024-01-29 08:41:24,2024-01-29 08:45:20,2,0.62,230,186,2,5.8,0.0,9.8
2687554,2,2024-01-29 08:43:23,2024-01-29 09:08:51,,7.04,74,246,0,33.56,0.0,37.56
2691497,2,2024-01-29 09:34:22,2024-01-29 09:55:02,1,3.51,263,230,1,21.9,5.18,31.08
2693180,2,2024-01-29 09:57:00,2024-01-29 10:22:00,,9.01,263,138,0,33.66,8.92,53.52
2693254,1,2024-01-29 09:58:12,2024-01-29 10:15:16,1,2.1,237,161,1,16.3,4.06,24.36
2694619,2,2024-01-29 10:16:46,2024-01-29 10:30:03,2,1.0,161,237,1,12.8,1.0,17.8
2694887,2,2024-01-29 10:20:35,2024-01-29 11:22:41,1,10.84,138,211,1,63.9,14.69,96.28
2696893,2,2024-01-29 10:48:29,2024-01-29 10:57:55,1,1.03,50,164,1,10.0,2.8,16.8
2697648,2,2024-01-29 10:58:19,2024-01-29 11:20:10,1,2.4,141,107,1,19.8,4.76,28.56
2699209,2,2024-01-29 11:18:43,2024-01-29 11:30:38,1,1.91,262,239,1,13.5,3.5,21.0
2699330,1,2024-01-29 11:20:18,2024-01-29 11:44:37,1,8.9,236,231,1,37.3,8.25,49.55
2699630,2,2024-01-29 11:24:20,2024-01-29 11:39:38,1,1.97,263,161,1,14.9,3.78,22.68
2701560,2,2024-01-29 11:50:26,2024-01-29 11:53:41,1,0.3,234,113,2,4.4,0.0,8.4
2705341,1,2024-01-29 12:38:09,2024-01-29 12:47:58,1,0.7,170,100,1,10.0,5.0,19.0
2707561,2,2024-01-29 13:05:07,2024-01-29 13:13:40,1,1.2,262,236,1,9.3,3.0,16.3
2707649,1,2024-01-29 13:06:15,2024-01-29 13:20:48,1,3.0,107,140,1,16.3,4.05,24.35
2708250,2,2024-01-29 13:13:11,2024-01-29 13:57:51,1,17.52,142,132,1,70.0,10.0,90.94
2710353,2,2024-01-29 13:38:04,2024-01-29 14:03:56,1,8.58,138,236,1,38.7,14.1,70.49
2710927,2,2024-01-29 13:44:19,2024-01-29 13:52:13,1,1.03,141,140,1,8.6,3.78,16.38
2711955,2,2024-01-29 13:56:03,2024-01-29 14:47:09,2,17.42,132,164,2,70.0,0.0,82.69
2712990,2,2024-01-29 14:07:54,2024-01-29 14:21:15,1,1.3,48,229,1,12.8,5.04,21.84
2713584,2,2024-01-29 14:14:35,2024-01-29 14:24:17,1,1.51,239,163,1,10.7,2.94,17.64
2715402,2,2024-01-29 14:35:08,2024-01-29 14:52:07,2,2.59,151,163,2,17.7,0.0,21.7
2715970,1,2024-01-29 14:41:01,2024-01-29 14:56:33,1,1.3,164,246,1,14.2,2.5,20.7
2720651,2,2024-01-29 15:29:07,2024-01-29 15:50:46,,2.8,75,140,0,21.71,0.0,25.71
2722515,2,2024-01-29 15:48:18,2024-01-29 16:14:54,3,15.51,132,29,2,58.3,0.0,61.55
2723436,2,2024-01-29 15:57:33,2024-01-29 16:15:37,1,2.54,140,143,1,17.0,4.2,25.2
2726801,1,2024-01-29 16:33:58,2024-01-29 16:50:29,1,2.8,162,4,1,16.3,4.55,27.35
2727276,1,2024-01-29 16:39:05,2024-01-29 16:55:54,1,2.6,170,142,1,17.0,2.35,25.85
2728333,2,2024-01-29 16:50:11,2024-01-29 17:10:29,2,3.84,262,170,1,22.6,5.82,34.92
2728815,2,2024-01-29 16:55:40,2024-01-29 17:14:23,1,2.62,230,141,1,18.4,3.0,27.9
2730008,2,2024-01-29 17:07:42,2024-01-29 17:15:04,1,1.02,125,113,1,8.6,3.02,18.12
2732649,2,2024-01-29 17:34:10,2024-01-29 17:49:18,1,2.11,163,107,1,14.9,4.28,25.68
2732989,2,2024-01-29 17:37:32,2024-01-29 17:46:05,1,1.59,263,237,1,10.7,3.44,20.64
2733615,2,2024-01-29 17:43:27,2024-01-29 17:56:01,1,2.16,100,125,1,13.5,4.0,24.0
2733829,2,2024-01-29 17:45:18,2024-01-29 17:52:14,1,0.76,237,161,2,7.9,0.0,14.4
2734861,2,2024-01-29 17:54:18,2024-01-29 18:05:41,1,1.33,161,237,1,11.4,3.58,21.48
2736210,2,2024-01-29 18:06:25,2024-01-29 18:09:47,1,0.56,236,263,1,5.1,2.32,13.92
2736622,1,2024-01-29 18:09:54,2024-01-29 18:28:58,,2.7,236,143,0,19.1,5.12,30.72
2740262,2,2024-01-29 18:44:48,2024-01-29 19:03:08,1,5.8,161,87,1,26.8,5.0,38.3
2740334,2,2024-01-29 18:45:24,2024-01-29 19:03:47,1,3.5,237,168,1,19.8,5.26,31.56
2740870,2,2024-01-29 18:50:32,2024-01-29 18:59:41,1,1.26,100,68,1,10.0,3.3,19.8
2741293,2,2024-01-29 18:54:36,2024-01-29 19:07:16,1,1.79,162,113,1,12.8,2.5,21.8
2742954,1,2024-01-29 19:11:21,2024-01-29 19:30:57,1,3.8,141,68,1,20.5,5.4,32.4
2743098,2,2024-01-29 19:12:39,2024-01-29 19:22:49,2,1.93,68,48,1,12.1,3.72,22.32
2743610,2,2024-01-29 19:18:10,2024-01-29 19:36:43,1,2.66,230,113,1,17.7,4.84,29.04
2744774,2,2024-01-29 19:31:31,2024-01-29 19:38:31,1,0.94,236,262,1,8.6,3.02,18.12
2745131,2,2024-01-29 19:35:44,2024-01-29 19:49:58,2,2.61,263,162,1,15.6,4.42,26.52
2746201,2,2024-01-29 19:48:24,2024-01-29 19:52:57,1,1.1,90,246,1,7.2,3.42,17.12
2746208,1,2024-01-29 19:48:29,2024-01-29 19:54:15,1,0.8,148,79,1,6.5,2.6,15.6
2746256,2,2024-01-29 19:49:07,2024-01-29 19:53:33,1,0.54,163,229,1,5.8,2.46,14.76
2747649,2,2024-01-29 20:06:12,2024-01-29 20:15:51,1,1.82,166,151,1,12.1,2.92,17.52
2748286,2,2024-01-29 20:13:38,2024-01-29 20:17:34,2,0.86,148,79,1,6.5,1.0,12.5
2748289,2,2024-01-29 20:13:40,2024-01-29 20:19:48,6,0.7,164,68,1,7.2,2.44,14.64
2751322,2,2024-01-29 20:52:57,2024-01-29 21:38:28,1,18.61,132,239,1,70.0,14.8,90.55
2751738,2,2024-01-29 20:57:44,2024-01-29 21:11:26,2,0.54,186,186,1,12.8,5.34,23.14
2752494,2,2024-01-29 21:07:15,2024-01-29 21:12:32,2,1.45,236,142,1,8.6,2.72,16.32
2753121,2,2024-01-29 21:15:28,2024-01-29 21:18:09,1,0.55,114,211,1,5.1,2.02,12.12
2755249,2,2024-01-29 21:45:55,2024-01-29 22:11:26,1,6.38,114,24,1,29.6,6.92,41.52
2755853,2,2024-01-29 21:55:55,2024-01-29 22:03:32,,1.31,113,164,0,9.65,0.0,13.65
2757158,2,2024-01-29 22:15:37,2024-01-29 22:28:45,1,4.41,170,209,1,21.2,5.24,31.44
2760678,2,2024-01-29 23:39:31,2024-01-29 23:43:52,1,1.13,161,233,2,7.2,0.0,12.2
2761479,2,2024-01-30 00:06:56,2024-01-30 00:12:58,1,1.36,90,113,1,8.6,2.72,16.32
2766574,2,2024-01-30 07:07:36,2024-01-30 07:18:10,1,2.21,231,246,1,14.2,2.0,20.2
2769130,2,2024-01-30 07:50:06,2024-01-30 08:05:57,1,2.24,166,75,1,17.0,0.0,18.5
2769657,2,2024-01-30 07:56:45,2024-01-30 08:00:11,1,0.88,230,100,1,6.5,2.1,12.6
2770489,1,2024-01-30 08:07:02,2024-01-30 08:18:22,1,1.7,141,162,1,12.8,3.35,20.15
2773512,1,2024-01-30 08:45:08,2024-01-30 08:59:25,1,1.1,186,48,1,13.5,3.5,21.0
2774129,1,2024-01-30 08:51:56,2024-01-30 09:03:54,1,1.2,162,234,1,10.7,2.95,17.65
2776868,2,2024-01-30 09:22:26,2024-01-30 09:45:21,2,7.2,132,130,2,30.3,0.0,33.55
2779700,2,2024-01-30 09:57:31,2024-01-30 10:14:13,1,2.1,239,48,1,17.0,5.25,26.25
2780465,1,2024-01-30 10:07:49,2024-01-30 10:33:28,2,2.2,100,43,1,21.2,6.3,31.5
2780712,1,2024-01-30 10:10:45,2024-01-30 10:56:44,1,10.8,138,161,1,52.0,13.9,83.59
2780846,1,2024-01-30 10:12:23,2024-01-30 10:19:01,1,1.1,211,113,1,8.6,1.25,13.85
2782402,2,2024-01-30 10:30:37,2024-01-30 10:53:02,2,2.88,238,162,1,21.2,3.5,28.7
2782425,1,2024-01-30 10:30:53,2024-01-30 10:52:31,1,2.8,229,114,2,20.5,0.0,24.5
2783043,2,2024-01-30 10:38:12,2024-01-30 10:52:19,1,1.3,231,211,1,13.5,4.38,21.88
2784076,2,2024-01-30 10:50:04,2024-01-30 11:09:26,1,2.04,170,237,1,17.7,4.34,26.04
2784132,2,2024-01-30 10:50:43,2024-01-30 11:03:08,1,0.87,163,237,1,11.4,1.0,16.4
2785212,2,2024-01-30 11:03:18,2024-01-30 11:17:15,1,2.18,170,158,1,14.2,3.64,21.84
2785274,1,2024-01-30 11:04:02,2024-01-30 11:13:49,1,1.0,114,125,1,10.0,2.7,16.2
2785345,1,2024-01-30 11:04:52,2024-01-30 11:32:16,1,2.4,186,237,1,24.0,7.0,35.0
2785953,1,2024-01-30 11:12:33,2024-01-30 11:26:19,1,1.8,161,246,1,13.5,4.35,21.85
2793073,2,2024-01-30 12:35:38,2024-01-30 12:54:24,1,2.55,141,50,1,17.7,2.0,23.7
2795034,2,2024-01-30 12:57:12,2024-01-30 13:05:16,1,0.83,162,161,1,8.6,2.52,15.12
2796978,2,2024-01-30 13:19:09,2024-01-30 13:30:55,1,1.75,263,239,1,12.8,2.52,19.32
2799010,2,2024-01-30 13:41:02,2024-01-30 13:45:30,1,0.47,107,234,1,5.8,1.96,11.76
2801117,2,2024-01-30 14:02:24,2024-01-30 14:14:32,1,1.43,113,68,2,12.1,0.0,16.1
2801166,2,2024-01-30 14:02:56,2024-01-30 14:29:50,2,8.7,138,141,1,39.4,11.07,68.16
2801899,2,2024-01-30 14:10:27,2024-01-30 14:24:09,2,1.46,164,107,2,12.8,0.0,16.8
2802061,2,2024-01-30 14:11:56,2024-01-30 14:19:08,1,0.83,162,170,1,7.9,2.38,14.28
2802233,2,2024-01-30 14:13:56,2024-01-30 14:20:20,2,0.69,230,162,1,7.9,1.0,12.9
2802351,2,2024-01-30 14:15:10,2024-01-30 14:44:27,1,10.0,138,205,1,42.2,12.8,65.75
2803402,2,2024-01-30 14:25:24,2024-01-30 15:07:24,1,11.23,138,142,1,52.7,14.08,84.47
2803571,2,2024-01-30 14:27:11,2024-01-30 14:36:11,1,1.13,234,170,1,10.0,1.75,15.75
2804196,2,2024-01-30 14:32:59,2024-01-30 14:39:27,1,0.8,236,237,1,7.9,1.19,13.09
2804653,2,2024-01-30 14:37:18,2024-01-30 14:48:02,1,1.48,236,237,1,11.4,2.31,17.71
2805267,1,2024-01-30 14:43:15,2024-01-30 15:09:41,1,2.9,229,264,1,24.0,8.4,36.4
2805968,2,2024-01-30 14:49:52,2024-01-30 15:13:15,2,2.94,239,186,1,21.2,5.04,30.24
2807273,1,2024-01-30 15:02:12,2024-01-30 15:35:30,1,4.7,146,246,1,30.3,10.25,44.55
2807871,2,2024-01-30 15:07:41,2024-01-30 15:07:50,1,0.0,132,132,4,3.0,0.0,6.25
2808633,2,2024-01-30 15:14:40,2024-01-30 15:29:38,1,2.25,125,170,1,15.6,4.9,24.5
2809508,2,2024-01-30 15:22:36,2024-01-30 15:35:18,1,2.12,43,236,1,14.2,4.55,22.75
2815258,2,2024-01-30 16:17:45,2024-01-30 16:45:57,1,4.31,75,244,1,27.5,6.3,37.8
2815677,2,2024-01-30 16:22:01,2024-01-30 16:32:48,1,1.22,237,236,1,10.7,2.58,19.78
2815767,2,2024-01-30 16:22:48,2024-01-30 16:26:56,1,0.69,137,233,1,6.5,2.0,15.0
2815784,2,2024-01-30 16:22:55,2024-01-31 15:34:28,5,9.3,162,138,2,38.7,0.0,57.14
2816205,1,2024-01-30 16:27:26,2024-01-30 16:38:37,1,1.5,114,137,1,10.0,0.01,16.51
2816645,2,2024-01-30 16:31:56,2024-01-30 16:40:40,2,0.71,170,186,2,9.3,0.0,15.8
2818791,2,2024-01-30 16:52:58,2024-01-30 16:58:16,1,1.31,239,151,2,8.6,0.0,15.1
2820675,2,2024-01-30 17:09:36,2024-01-30 17:13:00,1,0.51,140,262,1,5.8,2.46,14.76
2821388,2,2024-01-30 17:16:05,2024-01-30 17:24:07,1,0.88,162,237,1,9.3,2.0,17.8
2823842,2,2024-01-30 17:37:42,2024-01-30 17:41:57,1,0.78,246,90,1,6.5,2.6,15.6
2824277,2,2024-01-30 17:41:05,2024-01-30 17:46:13,1,0.6,163,237,1,6.5,1.5,14.5
2826160,1,2024-01-30 17:56:15,2024-01-30 18:03:40,1,0.6,161,162,1,7.9,2.85,17.25
2826798,1,2024-01-30 18:01:28,2024-01-30 18:14:47,1,1.6,237,239,1,13.5,5.0,25.0
2827139,2,2024-01-30 18:04:02,2024-01-30 18:44:43,1,15.7,138,13,1,62.5,10.0,92.69
2827756,2,2024-01-30 18:08:41,2024-01-30 18:15:33,1,0.59,233,162,1,7.9,0.0,14.4
2829298,1,2024-01-30 18:20:20,2024-01-30 18:34:45,1,1.4,229,141,1,12.1,3.7,22.3
2830373,1,2024-01-30 18:28:01,2024-01-30 18:40:15,1,0.9,211,45,1,11.4,3.58,21.48
2830401,2,2024-01-30 18:28:14,2024-01-30 18:45:29,1,7.06,132,135,1,28.2,3.0,36.95
2833109,2,2024-01-30 18:49:22,2024-01-30 19:04:11,1,2.17,170,148,1,15.6,5.52,27.62
2834371,2,2024-01-30 18:59:55,2024-01-30 19:01:48,1,0.5,141,263,1,4.4,2.18,13.08
2834873,2,2024-01-30 19:03:44,2024-01-30 19:23:21,1,2.29,68,162,1,17.7,6.05,30.25
2837486,2,2024-01-30 19:22:54,2024-01-30 19:27:58,1,2.92,132,219,2,-12.8,0.0,-18.55
2838290,2,2024-01-30 19:29:18,2024-01-30 19:36:02,1,1.23,113,107,1,8.6,4.53,19.63
2839486,2,2024-01-30 19:39:59,2024-01-30 19:56:19,1,3.0,161,238,1,18.4,4.98,29.88
2839869,2,2024-01-30 19:43:35,2024-01-30 19:49:25,1,0.63,170,163,1,7.2,2.74,16.44
2840729,2,2024-01-30 19:51:41,2024-01-30 20:07:18,1,2.22,161,263,1,15.6,4.42,26.52
2843638,2,2024-01-30 20:18:15,2024-01-30 20:24:54,1,0.69,107,234,1,7.9,2.58,15.48
2843849,2,2024-01-30 20:19:56,2024-01-30 20:26:34,1,1.06,239,238,1,8.6,2.04,15.64
2845875,2,2024-01-30 20:38:04,2024-01-30 20:45:23,1,1.3,238,143,1,9.3,0.0,14.3
2846359,1,2024-01-30 20:42:05,2024-01-30 20:52:18,1,1.8,239,237,2,12.8,0.0,17.8
2846504,2,2024-01-30 20:43:27,2024-01-30 20:57:09,3,3.21,246,239,1,17.0,4.4,26.4
2847289,2,2024-01-30 20:50:14,2024-01-30 20:53:14,1,0.64,164,234,1,5.1,2.02,12.12
2849981,2,2024-01-30 21:15:07,2024-01-30 21:17:17,1,0.45,162,161,1,4.4,2.35,11.75
2852266,2,2024-01-30 21:35:25,2024-01-30 21:48:41,1,2.56,230,236,1,14.9,4.97,24.87
2853359,2,2024-01-30 21:45:51,2024-01-30 21:48:01,1,0.35,237,162,1,4.4,1.88,11.28
2856749,2,2024-01-30 22:18:52,2024-01-30 22:31:58,1,3.31,249,142,1,17.0,4.4,26.4
2856759,2,2024-01-30 22:19:04,2024-01-30 22:32:03,1,3.24,170,262,1,16.3,3.2,24.5
2857478,2,2024-01-30 22:28:09,2024-01-30 22:32:48,1,0.61,100,164,1,6.5,0.0,11.5
2858371,2,2024-01-30 22:39:29,2024-01-30 22:52:04,1,2.52,114,13,1,14.2,2.11,21.31
2863398,2,2024-01-31 00:34:28,2024-01-31 00:42:24,1,1.03,142,229,1,9.3,2.86,17.16
2865092,2,2024-01-31 05:05:10,2024-01-31 05:13:27,1,3.86,79,80,2,17.0,0.0,22.0
2865751,1,2024-01-31 06:03:36,2024-01-31 06:09:29,1,1.1,143,163,1,7.9,1.0,12.9
2871971,2,2024-01-31 08:13:30,2024-01-31 08:15:50,3,0.41,161,163,1,4.4,1.68,10.08
2872360,2,2024-01-31 08:18:10,2024-01-31 08:25:52,1,0.92,163,237,1,9.3,2.66,15.96
2872367,2,2024-01-31 08:18:13,2024-01-31 08:40:02,1,6.5,162,231,1,31.0,7.0,42.0
2873276,2,2024-01-31 08:28:59,2024-01-31 08:59:29,1,2.88,263,230,1,26.1,6.02,36.12
2875201,2,2024-01-31 08:49:48,2024-01-31 08:56:52,1,0.61,236,236,1,7.9,2.38,14.28
2876403,2,2024-01-31 09:02:33,2024-01-31 09:18:43,1,2.14,141,234,1,16.3,4.06,24.36
2877525,1,2024-01-31 09:14:35,2024-01-31 09:33:52,,0.0,233,261,0,23.79,0.0,27.79
2879327,1,2024-01-31 09:36:13,2024-01-31 09:52:05,1,1.5,236,237,2,9.3,0.0,13.3
2880002,2,2024-01-31 09:43:17,2024-01-31 10:07:57,1,1.95,68,48,1,21.9,3.88,29.78
2880170,2,2024-01-31 09:44:53,2024-01-31 09:57:03,1,1.12,140,236,1,12.1,3.22,19.32
2880767,1,2024-01-31 09:51:14,2024-01-31 09:58:36,1,1.2,236,162,2,7.9,0.0,11.9
2881560,1,2024-01-31 10:00:47,2024-01-31 10:06:43,1,0.2,237,237,2,6.5,0.0,10.5
2883325,1,2024-01-31 10:22:44,2024-01-31 10:48:54,1,3.9,140,193,2,21.2,0.0,25.2
2884487,1,2024-01-31 10:36:35,2024-01-31 10:38:09,1,0.1,24,24,1,3.7,0.0,5.2
2886897,2,2024-01-31 11:05:40,2024-01-31 11:13:34,2,1.2,237,236,1,10.0,1.0,15.0
2887117,1,2024-01-31 11:08:37,2024-01-31 11:17:54,1,0.7,170,161,1,9.3,2.65,15.95
2887380,2,2024-01-31 11:11:39,2024-01-31 11:26:55,1,1.2,237,263,1,14.2,3.64,21.84
2887489,2,2024-01-31 11:13:11,2024-01-31 11:44:15,6,3.51,161,211,2,26.8,0.0,30.8
2889001,2,2024-01-31 11:30:59,2024-01-31 11:45:26,1,2.67,166,236,1,16.3,4.06,24.36
2891051,1,2024-01-31 11:53:50,2024-01-31 12:09:25,0,1.1,236,237,2,14.2,0.0,18.2
2892121,2,2024-01-31 12:06:24,2024-01-31 12:20:04,,2.39,42,238,0,23.92,0.0,25.42
2892945,2,2024-01-31 12:14:49,2024-01-31 12:23:54,1,1.09,246,113,1,9.3,2.66,15.96
2893117,2,2024-01-31 12:16:35,2024-01-31 12:32:42,1,1.31,229,230,1,14.2,3.64,21.84
2893829,2,2024-01-31 12:24:23,2024-01-31 12:43:00,2,1.86,90,161,1,17.0,4.2,25.2
2896223,2,2024-01-31 12:49:36,2024-01-31 12:58:15,1,0.96,142,237,1,10.0,2.8,16.8
2896355,1,2024-01-31 12:50:59,2024-01-31 13:07:58,1,1.3,100,43,1,14.9,2.0,20.9
2897909,1,2024-01-31 13:06:47,2024-01-31 13:14:11,1,0.9,237,237,1,8.6,1.0,13.6
2897943,2,2024-01-31 13:07:08,2024-01-31 13:27:00,1,2.23,262,229,1,17.7,4.34,26.04
2898189,2,2024-01-31 13:09:51,2024-01-31 13:24:40,2,2.08,144,234,2,14.9,0.0,18.9
2899448,1,2024-01-31 13:23:53,2024-01-31 13:34:09,1,1.2,249,144,1,10.7,2.2,16.9
2900260,1,2024-01-31 13:32:21,2024-01-31 13:45:21,1,2.0,237,151,1,12.8,4.2,21.0
2901112,2,2024-01-31 13:41:03,2024-01-31 13:50:29,6,1.2,211,13,1,10.7,2.0,16.7
2904461,1,2024-01-31 14:15:54,2024-01-31 14:27:31,1,0.6,170,186,1,10.0,2.8,16.8
2905078,2,2024-01-31 14:22:01,2024-01-31 14:33:08,1,0.83,237,236,2,7.9,0.0,11.9
2905422,2,2024-01-31 14:25:24,2024-01-31 14:34:37,3,0.8,186,230,1,9.3,2.66,15.96
2906077,2,2024-01-31 14:31:49,2024-01-31 14:41:00,1,1.28,141,236,1,10.0,2.8,16.8
2907123,1,2024-01-31 14:41:34,2024-01-31 15:28:15,1,4.0,234,236,1,30.3,6.85,41.15
2907145,1,2024-01-31 14:41:51,2024-01-31 14:58:30,1,0.3,162,161,1,13.5,1.0,18.5
2908364,2,2024-01-31 14:53:02,2024-01-31 15:50:47,1,18.43,132,230,1,70.0,16.54,99.23
2910037,2,2024-01-31 15:08:57,2024-01-31 15:18:25,1,0.96,237,263,1,9.3,2.66,15.96
2911442,1,2024-01-31 15:22:14,2024-01-31 15:28:35,1,0.4,229,140,2,6.5,0.0,10.5
2911794,2,2024-01-31 15:25:29,2024-01-31 15:41:00,2,1.47,137,163,1,14.2,3.64,21.84
2913182,1,2024-01-31 15:39:10,2024-01-31 15:52:59,1,1.1,141,236,1,12.8,3.35,20.15
2913597,2,2024-01-31 15:43:01,2024-01-31 15:56:24,1,1.38,236,237,1,13.5,1.5,19.0
2913752,1,2024-01-31 15:44:37,2024-01-31 16:21:22,1,9.4,138,231,1,44.3,11.0,66.05
2916913,1,2024-01-31 16:14:42,2024-01-31 16:32:25,1,1.7,237,143,2,14.2,0.0,20.7
2917412,2,2024-01-31 16:20:12,2024-01-31 16:31:07,1,0.82,161,237,1,10.7,3.1,20.3
2919182,2,2024-01-31 16:37:38,2024-01-31 16:40:30,1,0.65,236,236,1,5.1,1.16,12.76
2919270,2,2024-01-31 16:38:30,2024-01-31 16:47:32,1,0.9,237,162,1,9.3,3.95,19.75
2920161,2,2024-01-31 16:46:40,2024-01-31 17:03:46,1,2.18,162,249,1,17.0,4.7,28.2
2920556,2,2024-01-31 16:49:57,2024-01-31 17:24:21,1,2.69,186,238,1,28.2,6.94,41.64
2921118,2,2024-01-31 16:55:12,2024-01-31 17:01:32,1,1.3,238,142,2,8.6,0.0,15.1
2921394,1,2024-01-31 16:57:30,2024-01-31 17:10:21,1,1.6,162,140,1,13.5,0.0,20.0
2921445,1,2024-01-31 16:58:00,2024-01-31 17:22:37,0,1.7,107,161,1,21.2,3.0,30.7
2922280,2,2024-01-31 17:05:37,2024-01-31 17:08:58,1,0.47,230,163,1,5.1,2.32,13.92
2925050,2,2024-01-31 17:30:06,2024-01-31 17:34:15,1,0.86,211,249,1,6.5,2.0,15.0
2925348,2,2024-01-31 17:32:40,2024-01-31 17:41:11,1,0.94,113,125,1,9.3,3.95,19.75
2926088,2,2024-01-31 17:39:02,2024-01-31 17:45:19,1,1.05,107,148,2,7.9,0.0,14.4
2926385,2,2024-01-31 17:41:29,2024-01-31 17:44:25,1,0.4,239,239,1,5.1,2.9,14.5
2930903,2,2024-01-31 18:16:09,2024-01-31 18:35:21,5,8.29,138,69,2,34.5,0.0,52.19
2931394,1,2024-01-31 18:19:31,2024-01-31 18:23:29,1,0.4,237,237,1,5.8,2.45,14.75
2931509,2,2024-01-31 18:20:17,2024-01-31 18:28:05,1,1.48,162,107,1,9.3,3.16,18.96
2932328,2,2024-01-31 18:26:39,2024-01-31 18:43:18,1,2.18,48,239,1,15.6,4.42,26.52
2933758,2,2024-01-31 18:37:44,2024-01-31 18:54:11,1,1.82,230,140,1,14.9,4.28,25.68
2934316,2,2024-01-31 18:42:08,2024-01-31 19:03:04,1,2.54,68,229,1,19.1,5.12,30.72
2937108,2,2024-01-31 19:04:35,2024-01-31 19:19:55,1,3.07,45,48,1,17.7,6.05,30.25
2946788,2,2024-01-31 20:34:15,2024-01-31 20:44:41,2,1.64,230,68,1,11.4,3.28,19.68
2948715,2,2024-01-31 20:52:22,2024-01-31 21:08:04,1,4.69,262,234,1,22.6,1.0,28.6
2949216,2,2024-01-31 20:57:12,2024-01-31 21:05:27,1,1.45,186,158,1,9.3,2.86,17.16
2953311,2,2024-01-31 21:34:35,2024-01-31 21:51:32,1,3.3,230,151,1,18.4,5.85,29.25
2953473,2,2024-01-31 21:36:07,2024-01-31 21:39:49,2,0.75,142,163,4,5.8,0.0,10.8
2953614,2,2024-01-31 21:37:12,2024-01-31 21:43:37,1,2.1,142,151,1,10.7,4.71,20.41
2953626,1,2024-01-31 21:37:20,2024-01-31 21:44:36,1,1.2,234,211,1,9.3,2.0,16.3
2954911,2,2024-01-31 21:49:00,2024-01-31 21:52:28,1,1.08,162,237,1,6.5,2.3,13.8
2955458,1,2024-01-31 21:54:00,2024-01-31 21:59:24,2,0.9,230,163,2,7.2,0.0,12.2
2957362,1,2024-01-31 22:11:12,2024-01-31 22:32:56,1,3.4,100,231,1,21.9,5.35,32.25
2957869,2,2024-01-31 22:15:58,2024-01-31 22:27:59,2,2.6,162,238,1,14.2,4.8,24.0
2960039,2,2024-01-31 22:39:51,2024-01-31 22:48:27,,1.09,161,186,0,14.22,0.0,18.22
2961100,2,2024-01-31 22:53:48,2024-01-31 22:59:26,1,0.75,163,50,1,7.2,1.0,13.2
2961477,2,2024-01-31 22:58:59,2024-01-31 23:05:17,1,1.55,237,262,1,9.3,2.86,17.16
2962761,1,2024-01-31 23:18:49,2024-01-31 23:29:46,1,3.4,229,151,1,15.6,4.1,24.7
2963475,2,2024-01-31 23:32:30,2024-01-31 23:47:57,6,2.95,79,230,2,17.7,0.0,22.7
2963896,2,2024-01-31 23:42:16,2024-02-01 00:33:35,2,19.11,132,255,1,86.3,17.76,108.31
2964417,2,2024-01-31 23:54:40,2024-01-31 23:57:45,1,0.67,234,68,1,5.8,2.0,12.8
2964622,2,2024-02-01 00:00:17,2024-02-01 00:20:13,1,8.93,138,152,2,36.6,0.0,52.79
2964623,2,2024-02-01 00:00:39,2024-02-01 00:12:08,5,2.22,186,79,1,13.5,3.7,22.2
2964624,2,2024-02-01 00:01:15,2024-02-01 00:06:30,1,1.1,161,234,1,7.9,2.58,15.48
